id	library	type	location	country	latitude	longitude
1	(LINKcat) South Central Library System	Consortium/Network	Madison, WI, United States	United States	43.07305	-89.40123
2	ACT Library and Information Service	Public	Griffith, CT, Australia	Australia	-34.28853	146.05093
3	Addison Public Library	Public	Addison, IL, United States	United States	41.93170	-87.98896
4	Akron-Summit County Public Library	Public	Akron, OH, United States	United States	41.08144	-81.51901
5	Alachua County Library District	Public	Gainesville, FL, United States	United States	29.65163	-82.32483
6	Alameda County Library	Public	Fremont, CA, United States	United States	37.54827	-121.98857
7	Albany Public Library	Public	Albany, OR, United States	United States	44.63651	-123.10593
8	Alexandria Library	Public	Alexandria, VA, United States	United States	38.80484	-77.04692
9	Allen County Public Library	Public	Fort Wayne, IN, United States	United States	41.13060	-85.12886
10	Allentown Public Library	Public	Allentown, PA, United States	United States	40.60843	-75.49018
11	Altopiano della Vigolana Biblioteca comunale	Public	Vigolo Vattaro, Italy	Italy	46.00000	11.16670
12	American University	Academic	Washington, DC, United States	United States	38.89511	-77.03637
13	American University of Sharjah	Academic	Sharjah, United Arab Emirates	United Arab Emirates	25.33420	55.41221
14	Ames Public Library	Public	Ames, IA, United States	United States	42.03471	-93.61994
15	Amherst College Library	Academic	Amherst, MA, United States	United States	42.36723	-72.51852
16	Anchorage Public Library	Public	Anchorage, AK, United States	United States	61.21806	-149.90028
17	Anne Arundel Community College Library	Academic	Arnold, MD, United States	United States	39.03206	-76.50274
18	Anne Arundel County Public Library	Public	Annapolis, MD, United States	United States	38.97859	-76.49184
19	Anoka County Library	Public	Blaine, MN, United States	United States	45.16080	-93.23495
20	Anythink	Public	Northglenn, CO, United States	United States	39.88554	-104.98720
21	Arapahoe Libraries	Academic	Englewood, CO, United States	United States	39.64777	-104.98776
22	Arcadia Public Library	Public	Arcadia, CA, United States	United States	34.13973	-118.03534
23	Arizona State University Library	Academic	Tempe, AZ, United States	United States	33.41477	-111.90931
24	Arlington Heights Memorial Library	Academic	Arlington Heights, IL, United States	United States	42.08836	-87.98063
25	Arlington Public Library	Public	Arlington, VA, United States	United States	38.88101	-77.10428
26	Ashburton Library	Public	Ashburton, New Zealand	New Zealand	-43.89834	171.73011
27	Ashland Community & Technical College Library	Academic	Ashland, KY, United States	United States	38.47841	-82.63794
28	Askews and Holts Library Services Ltd	Other	United Kingdom	United Kingdom	52.95480	-1.17430
29	Astoria Public Library	Public	Astoria, OR, United States	United States	46.18790	-123.83130
30	Athens Regional Library System	Public	Athens, GA, United States	United States	33.96095	-83.37794
31	Auburn Public Library	Public	Auburn, AL, United States	United States	32.60986	-85.48078
32	Auckland Libraries	Public	Auckland, New Zealand	New Zealand	-36.84853	174.76349
33	Augustana University	Academic	Sioux Falls, SD, United States	United States	43.54369	-96.72796
34	Austin Public Library	Public	Austin, TX, United States	United States	30.26715	-97.74306
35	Avalon Free Public Library	Public	Avalon, NJ, United States	United States	39.10010	-74.71600
36	Badische Landesbibliothek	Regional or National	Karlsruhe, Germany	Germany	49.00690	8.40370
37	Baltimore County Public Library	Public	Towson, MD, United States	United States	39.40150	-76.60191
38	Baltimore Museum of Art Library & Archives	Public	Baltimore, MD, United States	United States	39.29038	-76.61219
39	Bangor Public Library	Public	Bangor, ME, United States	United States	44.79884	-68.77265
40	Bard College	Academic	Annandale-On-Hudson, NY, United States	United States	42.02980	-73.90960
41	Bard College at Simon's Rock Alumni Library	Academic	Great Barrington, MA, United States	United States	42.19590	-73.36180
42	Barrington Area Library	Public	Barrington, IL, United States	United States	42.15360	-88.13450
43	Baselga di Piné Biblioteca comunale	Public	Baselga Di Pine, Italy	Italy	46.11670	11.26670
44	Batavia Public Library District	Public	Batavia, IL, United States	United States	41.85003	-88.31257
45	Bates College	Academic	Lewiston, ME, United States	United States	44.10035	-70.21478
46	Bayerische Staatsbibliothek	Regional or National	München, Germany	Germany	48.13743	11.57549
47	Baylor University Libraries	Academic	Waco, TX, United States	United States	31.54933	-97.14667
48	Bayonne Free Public Library	Public	Bayonne, NJ, United States	United States	40.66871	-74.11431
49	BCCLS	Consortium/Network	Fair Lawn, NJ, United States	United States	40.94038	-74.13181
50	Beaumont Public Library System	Public	Beaumont, TX, United States	United States	30.08605	-94.10185
51	Bellingham Public Library	Public	Bellingham, WA, United States	United States	48.75955	-122.48822
52	Benbrook Public Library	Public	Benbrook, TX, United States	United States	32.67319	-97.46058
53	Bennington College	Academic	Bennington, VT, United States	United States	42.89310	-73.21370
54	Bentley University	Academic	Waltham, MA, United States	United States	42.37649	-71.23561
55	Berkeley Public Library	Public	Berkeley, CA, United States	United States	37.87159	-122.27275
56	Biblio de Brossard Georgette-Lepage	Public	Brossard, QC, Canada	Canada	45.45000	-73.45000
57	Bibliomation, Inc	Consortium/Network	Waterbury, CT, United States	United States	41.55815	-73.05150
58	Biblionet Drenthe (Provincial System Drenthe)	Consortium/Network	Assen ET, Netherlands	Netherlands	52.99290	6.56420
59	Biblioplus	Public	Boxmeer, Netherlands	Netherlands	51.64440	5.94830
60	Biblioteca civica di Ala	Public	Ala, Italy	Italy	45.76670	11.00000
61	Biblioteca civica di Arco	Public	Arco, Italy	Italy	45.91670	10.88330
62	Biblioteca civica di Riva del Garda	Public	Riva Del Garda, Italy	Italy	45.88577	10.84117
63	Biblioteca Civica di Rovereto	Public	Rovereto, Italy	Italy	45.89040	11.04053
64	Biblioteca comunale di Cles	Public	Cles, Italy	Italy	46.36670	11.03330
65	Biblioteca comunale di Mori	Public	Mori, Italy	Italy	45.86670	10.98330
66	Biblioteca comunale di Pinzolo	Public	Pinzolo, Italy	Italy	46.15830	10.76670
67	Biblioteca comunale di Romeno	Public	Romeno, Italy	Italy	46.40000	11.13330
68	Biblioteca comunale di Trento	Public	Trento, Italy	Italy	46.06787	11.12108
69	Biblioteca de la Universidad Complutense de Madrid	Academic	Madrid, Spain	Spain	40.41650	-3.70256
70	Biblioteca del Museo Reina Sofía	Special	Madrid, Spain	Spain	40.41650	-3.70256
71	Biblioteca Nacional de España	Regional or National	Madrid, Spain	Spain	40.43820	-3.69100
72	Biblioteca Nacional de Portugal	Regional or National	Lisboa, Portugal	Portugal	38.75230	-9.15000
73	Biblioteca Nazionale Centrale di Roma	Regional or National	Roma, Italy	Italy	41.89193	12.51133
74	Biblioteca pubblica comunale di Mezzolombardo	Public	Mezzolombardo, Italy	Italy	46.21670	11.08330
75	Biblioteca pubblica comunale di Predaia - Coredo	Public	Coredo, Italy	Italy	46.36670	11.05000
76	Biblioteca pubblica comunale di Predazzo	Public	Predazzo, Italy	Italy	46.31670	11.61670
77	Biblioteca pubblica comunale di Telve	Public	Telve, Italy	Italy	46.03330	11.53330
78	Biblioteca pubblica comunale di Tione	Public	Tione, Italy	Italy	45.95000	10.71670
79	Biblioteca pubblica comunale di Villa Lagarina	Public	Villalagarina, Italy	Italy	45.93330	11.05000
80	Biblioteca pubblica intercomunale di Cavedine	Public	Cavedine, Italy	Italy	46.01670	10.95000
81	Biblioteca pubblica intercomunale di Mezzocorona	Public	Mezzocorona, Italy	Italy	46.21670	11.11670
82	Biblioteka Uniwersytetu Śląskiego	Academic	Katowice, Poland	Poland	50.25970	19.02173
83	Bibliotheek aan de Vliet	Public	Voorburg, Netherlands	Netherlands	52.07420	4.36760
84	Bibliotheek Berkel & IJssel	Public	Zutphen, Netherlands	Netherlands	52.13940	6.19610
85	Bibliotheek Bibliorura	Public	Roermond, Netherlands	Netherlands	51.19420	5.98730
86	Bibliotheek Bollenstreek	Public	Lisse, Netherlands	Netherlands	52.25540	4.55940
87	Bibliotheek Breda	Public	Breda, Netherlands	Netherlands	51.57190	4.76830
88	Bibliotheek Cultura Ede	Public	Ede, Netherlands	Netherlands	52.04540	5.66560
89	Bibliotheek De Domijnen	Public	Sittard, Netherlands	Netherlands	50.99920	5.86950
90	Bibliotheek Deventer	Public	Deventer, Netherlands	Netherlands	52.25510	6.16390
91	Bibliotheek Drachten | Smallingerland	Public	Drachten, Netherlands	Netherlands	53.11280	6.09750
92	Bibliotheek Eemland	Public	Amersfoort, Netherlands	Netherlands	52.15610	5.38780
93	Bibliotheek en Volksuniversiteit Hilversum	Public	Hilversum, Netherlands	Netherlands	52.22420	5.17580
94	Bibliotheek Enschede	Public	Enschede, Netherlands	Netherlands	52.22150	6.89370
95	Bibliotheek Gelderland Zuid	Public	Nijmegen, Netherlands	Netherlands	51.84250	5.85280
96	Bibliotheek Helmond-Peel	Public	Helmond, Netherlands	Netherlands	51.47930	5.65700
97	Bibliotheek Kennemerwaard	Public	Alkmaar, Netherlands	Netherlands	52.63170	4.74860
98	Bibliotheek Maastricht	Public	Maastricht, Netherlands	Netherlands	50.85140	5.69100
99	Bibliotheek Midden-Brabant	Public	Tilburg, Netherlands	Netherlands	51.55551	5.09130
100	Bibliotheek Noordwest Veluwe	Public	Harderwijk, Netherlands	Netherlands	52.34170	5.62030
101	Bibliotheek Rotterdam	Public	Rotterdam, Netherlands	Netherlands	51.92250	4.47917
102	Bibliotheek SCHUNCK Heerlen	Public	Heerlen, Netherlands	Netherlands	50.88830	5.97970
103	Bibliotheek Universiteit van Amsterdam	Academic	Amsterdam, Netherlands	Netherlands	52.37403	4.88969
104	Bibliotheek Utrecht	Public	Utrecht, Netherlands	Netherlands	52.09070	5.12140
105	Bibliotheek West-Brabant	Public	Roosendaal, Netherlands	Netherlands	51.53080	4.46530
106	Bibliotheek Westland	Public	Wateringen, Netherlands	Netherlands	52.01320	4.27160
107	Bibliotheek Zuidkennemerland	Public	Haarlem, Netherlands	Netherlands	52.38740	4.64620
108	Bibliotheken Mar en Fean	Public	Heerenveen, Netherlands	Netherlands	52.95940	5.91860
109	Bibliotheks-und Informationssystem der Carl von Ossietzky Universität Oldenburg (BIS)	Academic	Oldenburg, Germany	Germany	53.14039	8.21479
110	Bibliothèque cantonale et universitaire - Lausanne, site Riponne	Academic	Lausanne, Switzerland	Switzerland	46.51600	6.63282
111	Bibliothèque cantonale et universitaire - Lausanne, site Unithèque	Academic	Lausanne-Dorigny, Switzerland	Switzerland	46.52170	6.58500
112	Bibliothèque de Beloeil	Public	Beloeil, QC, Canada	Canada	45.56440	-73.20390
113	Bibliothèque de Blonay-St-Légier	Public	Blonay, Switzerland	Switzerland	46.46670	6.90000
114	Bibliothèque de Mont-Saint-Hilaire	Public	Mont St Hilaire, QC, Canada	Canada	45.56060	-73.18340
115	Bibliothèque de Nyon Adultes	Public	Nyon, Switzerland	Switzerland	46.38330	6.23330
116	Bibliothèque Diderot	Academic	Lyon Cedex 07, France	France	45.74906	4.84789
117	Bibliothèque Diderot - Fonds Russie - Europe médiane (Lyon)	Academic	Lyon CEDEX 07, France	France	45.72970	4.84220
118	Bibliothèque et Archives nationales du Québec	Regional or National	Montreal, QC, Canada	Canada	45.50884	-73.58781
119	Bibliothèque Kandinsky-Centre Pompidou - Centre de documentation et de recherche du Musée national d'art moderne - Centre de création industrielle	Special	Paris CEDEX 04, France	France	48.85341	2.34880
120	Bibliothèque Montarville-Boucher-De La Bruère	Public	Boucherville, QC, Canada	Canada	45.59360	-73.43420
121	Bibliothèque nationale de France	Regional or National	Paris, France	France	48.85341	2.34880
122	Bibliothèque Paul-Mercier (Blainville)	Public	Blainville, QC, Canada	Canada	45.66678	-73.88249
123	Bibliothèque Publique de Pointe-Claire	Public	Pointe-Claire, QC, Canada	Canada	45.44868	-73.81669
124	Bibliothèque publique et scolaire du Léman - Renens	Public	Renens, Switzerland	Switzerland	46.53890	6.58330
125	Bibliothèque scolaire et intercommunale de Terre Sainte	Public	Coppet, Switzerland	Switzerland	46.33890	6.19580
126	Bibliothèque universitaire Lettres	Academic	Besançon, France	France	47.23780	6.02410
127	Bibliothèque Universitaire Vauban (Lille)	Academic	Lille Cedex, France	France	50.62920	3.05730
128	Bibliothèques de Laval	Public	Laval, QC, Canada	Canada	45.56995	-73.69200
129	Bibliothèques de Repentigny	Public	Repentigny, QC, Canada	Canada	45.74222	-73.45008
130	Bibliothèques de Shawinigan	Public	Shawinigan, QC, Canada	Canada	46.56670	-72.75000
131	Bilkent University Library	Academic	Ankara, Türkiye	Türkiye	39.91987	32.85427
132	Birmingham Public Library	Public	Birmingham, AL, United States	United States	33.52066	-86.80249
133	BM Lyon	Academic	Lyon, France	France	45.74906	4.84789
134	BNUS - Bibliotheque Nationale Universitaire de Strasbourg	Regional or National	Strasbourg CEDEX, France	France	48.58392	7.74553
135	Boca Raton Public Library	Public	Boca Raton, FL, United States	United States	26.35869	-80.08310
136	Boise Public Library	Public	Boise, ID, United States	United States	43.61350	-116.20345
137	Boise State University	Academic	Boise, ID, United States	United States	43.61350	-116.20345
138	Borgo Chiese Biblioteca comunale	Public	Condino, Italy	Italy	45.88330	10.55000
139	Borgo d'Anaunia Biblioteca comunale Fondo	Public	Fondo, Italy	Italy	46.40000	11.08330
140	Borough of Manhattan Community College	Academic	New York, NY, United States	United States	40.71427	-74.00597
141	Boston College	Academic	Chestnut Hill, MA, United States	United States	42.33065	-71.16616
142	Boston Public Library	Public	Boston, MA, United States	United States	42.35843	-71.05977
143	Boston University Libraries	Academic	Boston, MA, United States	United States	42.35843	-71.05977
144	Bowdoin College	Academic	Brunswick, ME, United States	United States	43.91452	-69.96533
145	Boğaziçi University Library	Academic	Istanbul, Türkiye	Türkiye	41.01384	28.94966
146	BplusC	Public	Leiden, Netherlands	Netherlands	52.16010	4.49700
147	Bridgeview Public Library	Public	Bridgeview, IL, United States	United States	41.75003	-87.80422
148	Bridgewater College	Academic	Bridgewater, VA, United States	United States	38.38540	-78.97670
149	Brigham Young University	Academic	Provo, UT, United States	United States	40.23384	-111.65853
150	Brooklyn Public Library	Public	Brooklyn, NY, United States	United States	40.65010	-73.94958
151	Broward County Libraries	Academic	Fort Lauderdale, FL, United States	United States	26.12231	-80.14338
152	Brown County Library	Public	Green Bay, WI, United States	United States	44.51916	-88.01983
153	Brown University	Academic	Providence, RI, United States	United States	41.82399	-71.41283
154	Bryn Mawr College	Academic	Bryn Mawr, PA, United States	United States	40.02230	-75.31570
155	Bucknell University	Academic	Lewisburg, PA, United States	United States	40.95480	-76.88270
156	Bucks County Free Library	Public	Doylestown, PA, United States	United States	40.31010	-75.12990
157	Buncombe County Public Libraries	Public	Asheville, NC, United States	United States	35.60095	-82.55402
158	Burbank Public Library	Public	Burbank, CA, United States	United States	34.18084	-118.30897
159	Burlingame Public Library	Public	Burlingame, CA, United States	United States	37.58410	-122.36608
160	Burlington County Library System	Public	Westampton, NJ, United States	United States	39.96730	-74.79960
161	Butte College Library	Academic	Oroville, CA, United States	United States	39.51394	-121.55776
162	C/W MARS	Consortium/Network	Worcester, MA, United States	United States	42.26259	-71.80229
163	California State University, Sacramento	Academic	Sacramento, CA, United States	United States	38.58157	-121.49440
164	Canal San Bovo Biblioteca comunale	Public	Canal San Bovo, Italy	Italy	46.15000	11.75000
165	Cape May County Library	Public	Cape May Court House, NJ, United States	United States	39.04510	-74.84100
166	Carleton College Library	Academic	Northfield, MN, United States	United States	44.45830	-93.16160
167	Carlsbad City Library	Public	Carlsbad, CA, United States	United States	33.15809	-117.35059
168	Carmel Clay Public Library	Public	Carmel, IN, United States	United States	39.97837	-86.11804
169	Carnegie Library of Pittsburgh	Public	Pittsburgh, PA, United States	United States	40.44062	-79.99589
170	Carnegie Mellon University	Academic	Pittsburgh, PA, United States	United States	40.44062	-79.99589
171	Carver County Library System	Public	Chaska, MN, United States	United States	44.78941	-93.60218
172	Cavalese Biblioteca comunale	Public	Cavalese, Italy	Italy	46.28330	11.46670
173	Cedar Falls Public Library	Public	Cedar Falls, IA, United States	United States	42.52776	-92.44547
174	Cembra Lisignago Biblioteca comunale	Public	Cembra, Italy	Italy	46.13330	11.21670
175	Central Arkansas Library System	Public	Little Rock, AR, United States	United States	34.74648	-92.28959
176	Central Virginia Community College	Academic	Lynchburg, VA, United States	United States	37.41375	-79.14225
177	Centro de Documentación del Instituto de las Mujeres	Special	Madrid, Spain	Spain	40.41680	-3.70380
178	Champaign Public Library	Public	Champaign, IL, United States	United States	40.11642	-88.24338
179	Chapman University, Leatherby Libraries	Academic	Orange, CA, United States	United States	33.78779	-117.85311
180	Charleston County Library	Public	Charleston, SC, United States	United States	32.77632	-79.93275
181	Charlotte Mecklenburg Library	Public	Charlotte, NC, United States	United States	35.22709	-80.84313
182	Chicago Public Library	Public	Chicago, IL, United States	United States	41.85003	-87.65005
183	Chinook Arch Regional Library System	Consortium/Network	Lethbridge, AB, Canada	Canada	49.69999	-112.81856
184	Christchurch City Libraries	Public	Christchurch, New Zealand	New Zealand	-43.53333	172.63333
185	Cincinnati & Hamilton County Public Library	Public	Cincinnati, OH, United States	United States	39.16000	-84.46000
186	Clams, Inc	Consortium/Network	Hyannis, MA, United States	United States	41.65240	-70.28220
187	Clark University	Academic	Worcester, MA, United States	United States	42.26259	-71.80229
188	Clatsop Community College Library	Academic	Astoria, OR, United States	United States	46.18790	-123.83130
189	Clemson University Libraries	Academic	Clemson, SC, United States	United States	34.68344	-82.83737
190	Cleveland Public Library	Public	Cleveland, OH, United States	United States	41.49950	-81.69541
191	Cobb County Public Library System	Public	Marietta, GA, United States	United States	33.95260	-84.54993
192	CODA Bibliotheek Apeldoorn	Public	Apeldoorn, Netherlands	Netherlands	52.21120	5.96990
193	Coeur d'Alene Public Library	Public	Coeur d'Alene, ID, United States	United States	47.67768	-116.78047
194	Coker University	Academic	Hartsville, SC, United States	United States	34.37120	-80.07620
195	Colby College	Academic	Waterville, ME, United States	United States	44.55201	-69.63171
196	Colgate University	Academic	Hamilton, NY, United States	United States	42.81680	-75.53880
197	College of Charleston	Academic	Charleston, SC, United States	United States	32.77632	-79.93275
198	College of DuPage	Academic	Glen Ellyn, IL, United States	United States	41.87753	-88.06701
199	College of Idaho, The	Academic	Caldwell, ID, United States	United States	43.66294	-116.68736
200	College of Saint Benedict/Saint John's University and Clemens Library/Alcuin Library	Academic	Collegeville, MN, United States	United States	45.58360	-94.32440
201	College of Western Idaho Library	Academic	Nampa, ID, United States	United States	43.54072	-116.56346
202	Collin College	Academic	Plano, TX, United States	United States	33.01984	-96.69889
203	Colorado College	Academic	Colorado Springs, CO, United States	United States	38.83388	-104.82136
204	Colorado Mesa University	Academic	Grand Junction, CO, United States	United States	39.06387	-108.55065
205	Colorado State University	Academic	Ft Collins, CO, United States	United States	40.58526	-105.08442
206	Columbia University in the City of New York	Academic	New York, NY, United States	United States	40.71427	-74.00597
207	Columbus Metropolitan Library	Public	Columbus, OH, United States	United States	39.96118	-82.99879
208	Community Library Network@Hayden	Consortium/Network	Hayden, ID, United States	United States	47.76490	-116.78660
209	Community Library Sedona	Public	Sedona, AZ, United States	United States	34.86970	-111.76100
210	Connecticut College	Academic	New London, CT, United States	United States	41.35565	-72.09952
211	Contra Costa County Library	Public	Martinez, CA, United States	United States	38.01937	-122.13413
212	Cook Memorial Public Library District	Public	Libertyville, IL, United States	United States	42.28308	-87.95313
213	Cooperative Computer Services	Consortium/Network	Lincolnshire, IL, United States	United States	42.20110	-87.90000
214	Cornell University Library	Academic	Ithaca, NY, United States	United States	42.44063	-76.49661
215	Crawfordsville District Public Library	Public	Crawfordsville, IN, United States	United States	40.04115	-86.87445
216	CT State Community College Housatonic	Academic	Bridgeport, CT, United States	United States	41.17923	-73.18945
217	CW2 Christopher G. Nason Military Intelligence Library	Other	Fort Huachuca, AZ, United States	United States	31.55350	-110.36910
218	Dakota County Library	Public	Eagan, MN, United States	United States	44.80413	-93.16689
219	Dallas Public Library	Public	Dallas, TX, United States	United States	32.78306	-96.80667
220	Daniel Boone Regional Library	Public	Columbia, MO, United States	United States	38.95171	-92.33407
221	Danish Union Catalogue and Danish National Bibliography	Regional or National	Denmark	Denmark	55.67610	12.56830
222	Dartmouth Library	Academic	Hanover, NH, United States	United States	43.70220	-72.28960
223	Dauphin County Library System	Public	Harrisburg, PA, United States	United States	40.27370	-76.88442
224	Davis County Library	Public	Farmington, UT, United States	United States	40.98050	-111.88744
225	Dayton Metro Library	Public	Dayton, OH, United States	United States	39.75895	-84.19161
226	dbieb	Public	Leeuwarden, Netherlands	Netherlands	53.20120	5.79990
227	De bblthk, Wageningen	Public	Wageningen, Netherlands	Netherlands	51.96920	5.66530
228	De Bibliotheek AanZet	Public	Dordrecht, Netherlands	Netherlands	51.81330	4.69010
229	De Bibliotheek Dommeldal	Public	Geldrop, Netherlands	Netherlands	51.42220	5.55830
230	de Bibliotheek Gooi+	Public	Bussum, Netherlands	Netherlands	52.27640	5.16140
231	De La Salle-College of Saint Benilde	Academic	Manila, Philippines	Philippines	14.60420	120.98220
232	De Nieuwe Bibliotheek	Public	Almere, Netherlands	Netherlands	52.35080	5.26470
233	Delaware County District Library	Public	Delaware, OH, United States	United States	40.29867	-83.06797
234	Denver Public Library	Public	Denver, CO, United States	United States	39.73915	-104.98470
235	Des Moines Public Library	Public	Des Moines, IA, United States	United States	41.60054	-93.60911
236	Deschutes Public Library	Public	Bend, OR, United States	United States	44.05817	-121.31531
237	Deutsche Nationalbibliothek Frankfurt am Main	Regional or National	Frankfurt/Main, Germany	Germany	50.11552	8.68417
238	Deutsche Nationalbibliothek Leipzig	Regional or National	Leipzig, Germany	Germany	51.33962	12.37129
239	Deutsches Historisches Institut (DHI) Warschau	Other	Warszawa, Poland	Poland	52.22977	21.01178
240	Dezentrale Bibliotheken der Universität Heidelberg	Academic	Heidelberg, Germany	Germany	49.40768	8.69079
241	Dickinson College Library	Academic	Carlisle, PA, United States	United States	40.20148	-77.18887
242	District of Columbia Public Library	Public	Washington, DC, United States	United States	38.89511	-77.03637
243	DNK	Public	Assen, Netherlands	Netherlands	52.99290	6.56420
244	Douglas College Library	Academic	New Westminster, BC, Canada	Canada	49.20678	-122.91092
245	Douglas County Libraries	Public	Castle Rock, CO, United States	United States	39.37221	-104.85609
246	Downers Grove Public Library	Public	Downers Grove, IL, United States	United States	41.80892	-88.01117
247	Driftwood Public Library	Public	Lincoln City, OR, United States	United States	44.95760	-124.01790
248	Dro Biblioteca comunale	Public	Dro, Italy	Italy	45.90000	10.93330
249	Duke University Libraries	Academic	Durham, NC, United States	United States	35.99403	-78.89862
250	Duluth Public Library	Public	Duluth, MN, United States	United States	46.78327	-92.10658
251	Durham County Library	Public	Durham, NC, United States	United States	35.99403	-78.89862
252	Durham University Library and Collections	Academic	Durham, United Kingdom	United Kingdom	54.77676	-1.57566
253	East Baton Rouge Parish Library System	Public	Baton Rouge, LA, United States	United States	30.44332	-91.18747
254	East Grand Forks-Campbell Library	Public	E Grand Forks, MN, United States	United States	47.92970	-97.02500
255	East Moline Public Library	Public	East Moline, IL, United States	United States	41.50087	-90.44430
256	Eastern Connecticut State University	Academic	Willimantic, CT, United States	United States	41.71065	-72.20813
257	Eastern Michigan University Library	Academic	Ypsilanti, MI, United States	United States	42.24115	-83.61299
258	Eastern Oklahoma Library System	Consortium/Network	Muskogee, OK, United States	United States	35.74788	-95.36969
259	Eckerd College	Academic	St. Petersburg, FL, United States	United States	27.77086	-82.67927
260	Edmonton Public Library	Public	Edmonton, AB, Canada	Canada	53.55014	-113.46871
261	El Dorado County Library	Public	Placerville, CA, United States	United States	38.72960	-120.79850
262	El Paso Public Library	Public	El Paso, TX, United States	United States	31.75872	-106.48693
263	Ela Area Public Library District	Public	Lake Zurich, IL, United States	United States	42.19697	-88.09341
264	Elkhart Public Library, Main Library	Public	Elkhart, IN, United States	United States	41.68199	-85.97667
265	Ellensburg Public Library	Public	Ellensburg, WA, United States	United States	46.99651	-120.54785
266	Emory University	Academic	Atlanta, GA, United States	United States	33.74900	-84.38798
267	Emory University Library	Academic	Atlanta, GA, United States	United States	33.74900	-84.38798
268	Enfield Public Library	Public	Enfield, CT, United States	United States	41.97621	-72.59176
269	Enoch Pratt Free Library (Baltimore City)	Public	Baltimore, MD, United States	United States	39.29038	-76.61219
270	Erasmus University Rotterdam	Academic	Rotterdam, Netherlands	Netherlands	51.91790	4.52650
271	Eugene Public Library	Public	Eugene, OR, United States	United States	44.05207	-123.08675
272	Europa-Universität Viadrina, Universitätsbibliothek	Academic	Frankfurt/Oder, Germany	Germany	52.34714	14.55062
273	European Parliament	Other	Brussels, Belgium	Belgium	50.85045	4.34878
274	Evanston Public Library	Public	Evanston, IL, United States	United States	42.04114	-87.69006
275	Evansville Vanderburgh Public Library	Public	Evansville, IN, United States	United States	37.97476	-87.55585
276	Everett Public Library	Public	Everett, WA, United States	United States	47.97898	-122.20208
277	Fairbanks North Star Borough Library	Public	Fairbanks, AK, United States	United States	64.83778	-147.71639
278	Fairfax County Public Library	Public	Chantilly, VA, United States	United States	38.89428	-77.43110
279	Fargo Public Library	Public	Fargo, ND, United States	United States	46.87719	-96.78980
280	Farmington Community Library	Academic	Farmington Hills, MI, United States	United States	42.48531	-83.37716
281	Farmington Public Library	Public	Farmington, NM, United States	United States	36.72806	-108.21869
282	Fauquier County Public Library	Public	Warrenton, VA, United States	United States	38.71370	-77.79420
283	Finger Lakes Library System	Consortium/Network	Ithaca, NY, United States	United States	42.44063	-76.49661
284	First Regional Library	Public	Hernando, MS, United States	United States	34.82399	-89.99370
285	Flagstaff Public Library	Public	Flagstaff, AZ, United States	United States	35.19807	-111.65127
286	Florida State University	Academic	Tallahassee, FL, United States	United States	30.43826	-84.28073
287	FNB Federatie Nederlandse Blinden Biblio	Special	Grave, Netherlands	Netherlands	51.75500	5.74420
288	Folgaria Biblioteca comunale	Public	Folgaria, Italy	Italy	45.91670	11.16670
289	Fontbonne University Library	Academic	Saint Louis, MO, United States	United States	38.62727	-90.19789
290	Fordham University	Academic	Bronx, NY, United States	United States	40.84985	-73.86641
291	Fort Bend County Libraries	Public	Richmond, TX, United States	United States	29.58220	-95.76020
292	Fort Vancouver Regional Library District	Public	Vancouver, WA, United States	United States	45.63873	-122.66149
293	Fort Worth Public Library	Public	Fort Worth, TX, United States	United States	32.72541	-97.32085
294	Four County Library System	Public	Vestal, NY, United States	United States	42.08507	-76.05381
295	Franklin & Marshall College	Academic	Lancaster, PA, United States	United States	40.03788	-76.30551
296	Frederick County Public Libraries	Public	Frederick, MD, United States	United States	39.41427	-77.41054
297	Free Library of Philadelphia	Public	Philadelphia, PA, United States	United States	39.95238	-75.16362
298	Freie Universität Berlin, Universitätsbibliothek, Zentralbibliothek	Academic	Berlin, Germany	Germany	52.52437	13.41053
299	Fremont Public Library District	Public	Mundelein, IL, United States	United States	42.26308	-88.00397
300	Frisco Public Library	Public	Frisco, TX, United States	United States	33.15067	-96.82361
301	Frostburg State University	Academic	Frostburg, MD, United States	United States	39.65340	-78.92980
302	Fulton County Library System	Public	Atlanta, GA, United States	United States	33.74900	-84.38798
303	Gallaudet University	Academic	Washington, DC, United States	United States	38.89511	-77.03637
304	George Mason University	Academic	Fairfax, VA, United States	United States	38.84622	-77.30637
305	George Washington University	Academic	Washington, DC, United States	United States	38.89511	-77.03637
306	Georgetown Public Library	Public	Georgetown, TX, United States	United States	30.63269	-97.67723
307	Georgetown University	Academic	Washington, DC, United States	United States	38.89511	-77.03637
308	Georgia State University	Academic	Atlanta, GA, United States	United States	33.74900	-84.38798
309	Gettysburg College	Academic	Gettysburg, PA, United States	United States	39.83750	-77.23060
310	Glendale Library, Arts & Culture	Public	Glendale, CA, United States	United States	34.14251	-118.25508
311	Gottfried Wilhelm Leibniz Bibliothek - Niedersächsische Landesbibliothek	Regional or National	Hannover, Germany	Germany	52.37052	9.73322
312	Goucher College	Academic	Baltimore, MD, United States	United States	39.29038	-76.61219
313	Governors State University	Academic	University Park, IL, United States	United States	41.42560	-87.69890
314	Granby Public Library	Public	Granby, CT, United States	United States	41.95870	-72.79730
315	Grand Rapids Public Library	Public	Grand Rapids, MI, United States	United States	42.96336	-85.66809
316	Grandview Heights Public Library	Public	Columbus, OH, United States	United States	39.96118	-82.99879
317	Granville Public Library	Public	Granville, OH, United States	United States	40.06840	-82.51820
318	Great Falls Public Library	Public	Great Falls, MT, United States	United States	47.50024	-111.30081
319	Great Neck Library	Public	Great Neck, NY, United States	United States	40.68149	-73.39984
320	Great River Regional Library	Public	St. Cloud, MN, United States	United States	45.56080	-94.16249
321	Greater Victoria Public Library	Public	Victoria, BC, Canada	Canada	48.43590	-123.35155
322	Greenfield Community College	Academic	Greenfield, MA, United States	United States	42.58759	-72.59953
323	Greensboro Public Library	Public	Greensboro, NC, United States	United States	36.07264	-79.79198
324	Greenville County Library System	Public	Greenville, SC, United States	United States	34.85262	-82.39401
325	Greenwich Library	Public	Greenwich, CT, United States	United States	41.02620	-73.62820
326	Gretna Public Library	Public	Gretna, NE, United States	United States	41.13550	-96.24000
327	Grinnell College	Academic	Grinnell, IA, United States	United States	41.74400	-92.72130
328	Guangzhou Library	Public	Guangzhou, Guangdong Province, China	China	23.11667	113.25000
329	Gustavus Adolphus College	Academic	Saint Peter, MN, United States	United States	44.31280	-93.96360
330	Gwinnett County Public Library	Public	Lawrenceville, GA, United States	United States	33.95621	-83.98796
331	Hamilton East Public Library	Public	Noblesville, IN, United States	United States	40.04559	-86.00860
332	Hancock County Public Library	Public	Greenfield, IN, United States	United States	39.61366	-86.10665
333	Harford County Public Library	Public	Belcamp, MD, United States	United States	39.53900	-76.34410
334	Harris County Public Library	Public	Houston, TX, United States	United States	29.76328	-95.36327
335	Harry Ransom Humanities Research Center (HRC); University of Texas at Austin	Special	Austin, TX, United States	United States	30.26715	-97.74306
336	Harvard University	Academic	Cambridge, MA, United States	United States	42.37510	-71.10561
337	Hastings District Libraries	Public	Hastings, New Zealand	New Zealand	-39.63810	176.84918
338	Havana Public Library District	Public	Havana, IL, United States	United States	40.29840	-90.05960
339	Haverford College Libraries	Academic	Haverford, PA, United States	United States	40.00900	-75.30180
340	Helmut-Schmidt-Universität, Universität der Bundeswehr Hamburg, Universitätsbibliothek	Academic	Hamburg, Germany	Germany	53.55073	9.99302
341	Henderson County Public Library	Public	Hendersonville, NC, United States	United States	35.31870	-82.46100
342	Hennepin County Library	Public	Minnetonka, MN, United States	United States	44.91330	-93.50329
343	Henrico County Public Library	Public	Henrico, VA, United States	United States	37.54070	-77.35720
344	Hershey Public Library	Public	Hershey, PA, United States	United States	40.28590	-76.65020
345	Hialeah Public Libraries	Public	Hialeah, FL, United States	United States	25.85760	-80.27811
346	High Plains Library District	Public	Greeley, CO, United States	United States	40.42331	-104.70913
347	Highland Park Public Library	Public	Highland Park, IL, United States	United States	42.18169	-87.80034
348	Hiram College Library	Academic	Hiram, OH, United States	United States	41.30700	-81.14400
349	Hofbibliothek Aschaffenburg	Special	Aschaffenburg, Germany	Germany	49.97690	9.15080
350	Hofstra University Library	Academic	Hempstead, NY, United States	United States	40.70621	-73.61874
351	HOGENT	Academic	Gent, Belgium	Belgium	51.05000	3.71667
352	Houghton University Library	Academic	Houghton, NY, United States	United States	42.25340	-78.16140
353	House of Wisdom	Public	Sharjah, United Arab Emirates	United Arab Emirates	25.33420	55.41221
354	Houston Public Library	Public	Houston, TX, United States	United States	29.76328	-95.36327
355	Huis73	Public	's-Hertogenbosch, Netherlands	Netherlands	51.69780	5.30370
356	Humathèque Condorcet	Academic	Aubervilliers Cedex, France	France	48.91667	2.38333
357	Humboldt-Universität zu Berlin, Universitätsbibliothek, Jacob-und-Wilhelm-Grimm-Zentrum	Academic	Berlin, Germany	Germany	52.52437	13.41053
358	Hunter College	Academic	New York, NY, United States	United States	40.71427	-74.00597
359	Hutchinson Public Library	Public	Hutchinson, KS, United States	United States	38.06084	-97.92977
360	Idaho Falls Public Library	Public	Idaho Falls, ID, United States	United States	43.46658	-112.03414
361	Illinois Valley Community College	Academic	Oglesby, IL, United States	United States	41.29250	-89.07700
362	Indian Prairie Public Library	Public	Darien, IL, United States	United States	41.75198	-87.97395
363	Indian Trails Public Library District	Public	Wheeling, IL, United States	United States	42.13919	-87.92896
364	Indiana University	Academic	Bloomington, IN, United States	United States	39.16533	-86.52639
365	Indiana University of Pennsylvania	Academic	Indiana, PA, United States	United States	40.62170	-79.15170
366	InfoSoup	Consortium/Network	Appleton, WI, United States	United States	44.26193	-88.41538
367	Institut für die Wissenschaften vom Menschen	Special	Vienna, Austria	Austria	48.20849	16.37208
368	Institut national des sciences appliquées	Academic	Villeurbanne CEDEX, France	France	45.76601	4.87950
369	Institut universitaire de technologie	Academic	Rodez, France	France	44.35000	2.57470
370	International Institute of Social History (IISG)	Special	Amsterdam, Netherlands	Netherlands	52.37403	4.88969
371	Internet Archive	Other	San Francisco, CA, United States	United States	37.77493	-122.41942
372	Inver Hills Community College	Academic	Inver Grove Heights, MN, United States	United States	44.84802	-93.04272
373	Iowa City Public Library	Public	Iowa City, IA, United States	United States	41.66113	-91.53017
374	Iowa State University	Academic	Ames, IA, United States	United States	42.03471	-93.61994
375	Irvine Libraries	Public	Irvine, CA, United States	United States	33.66946	-117.82311
376	Irving Public Library	Public	Irving, TX, United States	United States	32.81402	-96.94889
377	Jackson County Library Services	Public	Medford, OR, United States	United States	42.32652	-122.87559
378	Jackson District Library	Public	Jackson, MI, United States	United States	42.24587	-84.40135
379	Jacksonville Public Library	Public	Jacksonville, IL, United States	United States	39.73394	-90.22901
380	Jacksonville State University	Academic	Jacksonville, AL, United States	United States	33.82370	-85.76380
381	Jefferson Community & Technical College	Academic	Louisville, KY, United States	United States	38.25424	-85.75941
382	Jefferson County Public Library	Public	Lakewood, CO, United States	United States	39.70471	-105.08137
383	Jefferson County Public Library	Public	Madison, IN, United States	United States	38.73640	-85.38030
384	John Carroll University, Grasselli Library	Academic	University Heights, OH, United States	United States	41.50310	-81.54980
385	Johns Hopkins University	Academic	Baltimore, MD, United States	United States	39.29038	-76.61219
386	Johns Hopkins University, SAIS Europe	Academic	Bologna, Italy	Italy	44.49381	11.33875
387	Johnson County Library	Public	Overland Park, KS, United States	United States	38.98223	-94.67079
388	Johnston Public Library	Public	Johnston, IA, United States	United States	41.67304	-93.69772
389	Joplin Public Library	Public	Joplin, MO, United States	United States	37.08423	-94.51328
390	Kansas City, Kansas Public Library	Public	Kansas City, KS, United States	United States	39.11417	-94.62746
391	Kantonsbibliothek Vadiana St. Gallen	Regional or National	St. Gallen, Switzerland	Switzerland	47.42450	9.37670
392	Kapiti Coast District Libraries	Public	Paraparaumu, New Zealand	New Zealand	-40.91667	175.01667
393	Kapuskasing Public Library	Public	Kapuskasing, ON, Canada	Canada	49.41690	-82.43310
394	Keio University Libraries	Academic	Tokyo, Japan	Japan	35.68950	139.69171
395	Kent State University	Academic	Kent, OH, United States	United States	41.15367	-81.35789
396	King County Library System	Public	Issaquah, WA, United States	United States	47.53010	-122.03262
397	Kitsap Regional Library	Public	Bremerton, WA, United States	United States	47.56732	-122.63264
398	Klamath County Library Service District	Public	Klamath Falls, OR, United States	United States	42.22487	-121.78167
399	Klassik Stiftung Weimar / Herzogin Anna Amalia Bibliothek	Special	Weimar, Germany	Germany	50.98030	11.32530
400	Knox College Library	Academic	Galesburg, IL, United States	United States	40.94782	-90.37124
401	Koc University Library	Academic	Istanbul, Türkiye	Türkiye	41.01384	28.94966
402	Koninklijke Bibliotheek	Regional or National	Den Haag, Netherlands	Netherlands	52.07990	4.32530
403	Kopgroep Bibliotheken	Public	Den Helder, Netherlands	Netherlands	52.95630	4.75920
404	KunstenHuis Idea	Public	Zeist, Netherlands	Netherlands	52.09040	5.23230
405	Kutztown University	Academic	Kutztown, PA, United States	United States	40.51650	-75.78260
406	Kırıkkale University	Academic	Kirikkale, Türkiye	Türkiye	39.84528	33.50639
407	L.E. Phillips Memorial Public Library	Public	Eau Claire, WI, United States	United States	44.81135	-91.49849
408	LA COUNTY LIBRARY	Public	Downey, CA, United States	United States	33.94001	-118.13257
409	Lafayette College	Academic	Easton, PA, United States	United States	40.68843	-75.22073
410	LaGuardia Community College Library Media Resources Center	Academic	Long Island City, NY, United States	United States	40.74482	-73.94875
411	Lake Agassiz Regional Library	Public	Moorhead, MN, United States	United States	46.87386	-96.76951
412	Lake Forest Library	Public	Lake Forest, IL, United States	United States	42.25863	-87.84063
413	Lake Villa District Library	Public	Lindenhurst, IL, United States	United States	42.41080	-88.07640
414	Lane Community College	Academic	Eugene, OR, United States	United States	44.05207	-123.08675
415	Lansing Public Library	Public	Lansing, IL, United States	United States	41.56476	-87.53893
416	Las Vegas-Clark County Library District	Public	Las Vegas, NV, United States	United States	36.17497	-115.13722
417	Latah County Library District	Public	Moscow, ID, United States	United States	46.73239	-117.00017
418	Lavarone Biblioteca comunale	Public	Lavarone, Italy	Italy	45.88330	11.15000
419	Lawrence Public Library	Public	Lawrence, KS, United States	United States	38.97167	-95.23525
420	Lee County Library System	Public	Lehigh Acres, FL, United States	United States	26.62535	-81.62480
421	Leiden University Libraries	Academic	Leiden, Netherlands	Netherlands	52.15833	4.49306
422	Lemont Public Library District	Public	Lemont, IL, United States	United States	41.67364	-88.00173
423	Levico Biblioteca comunale	Public	Levico Terme, Italy	Italy	46.01670	11.30000
424	Lewis & Clark College	Academic	Portland, OR, United States	United States	45.52345	-122.67621
425	Lewisville Public Library	Public	Lewisville, TX, United States	United States	33.04623	-96.99417
426	Lexington Public Library	Public	Lexington, KY, United States	United States	37.98869	-84.47772
427	Libraries in Clackamas County	Consortium/Network	Oregon City, OR, United States	United States	45.35734	-122.60676
428	LibrariesWest	Consortium/Network	Bridgwater, United Kingdom	United Kingdom	51.12837	-3.00356
429	Library of Congress	Regional or National	Washington, DC, United States	United States	38.89511	-77.03637
430	Library System of Lancaster County	Public	Lancaster, PA, United States	United States	40.03788	-76.30551
431	LIBRIS	Consortium/Network	Stockholm, Sweden	Sweden	59.32938	18.06871
432	Lincolnwood Public Library District	Public	Lincolnwood, IL, United States	United States	42.00440	-87.73510
433	Lisle Library District	Public	Lisle, IL, United States	United States	41.80114	-88.07479
434	Live Oak Public Libraries	Public	Savannah, GA, United States	United States	32.08354	-81.09983
435	Long Beach Public Library (CLB-default)	Public	Long Beach, CA, United States	United States	33.76696	-118.18923
436	Los Alamos County Library System	Public	Los Alamos, NM, United States	United States	35.88810	-106.30310
437	Los Angeles Public Library	Public	Los Angeles, CA, United States	United States	34.05223	-118.24368
438	Loudoun County Public Library	Public	Leesburg, VA, United States	United States	39.11566	-77.56360
439	Louisiana State University, LSU Libraries	Academic	Baton Rouge, LA, United States	United States	30.44332	-91.18747
440	Louisville Free Public Library	Public	Louisville, KY, United States	United States	38.25424	-85.75941
441	Loyola University Chicago	Academic	Chicago, IL, United States	United States	41.85003	-87.65005
442	Lucy Robbins Welles Library	Public	Newington, CT, United States	United States	41.69788	-72.72371
443	M.A.I.N. Network Service	Consortium/Network	Cedar Knolls, NJ, United States	United States	40.82310	-74.46460
444	Macalester College	Academic	St Paul, MN, United States	United States	44.93760	-93.17070
445	Malè Biblioteca comunale	Public	Male, Italy	Italy	46.35720	10.91660
446	Manchester Metropolitan University - TEST INSTITUTION	Test Instance	Manchester, United Kingdom	United Kingdom	53.48095	-2.23743
447	Manchester Metropolitan University Library	Academic	Manchester, United Kingdom	United Kingdom	53.48095	-2.23743
448	MardinArtuklu University	Academic	Mardin, Türkiye	Türkiye	37.31309	40.74357
449	Marietta College	Academic	Marietta, OH, United States	United States	39.42290	-81.45620
450	Marin County Free Library	Public	San Rafael, CA, United States	United States	37.97353	-122.53109
451	Marlborough Libraries	Public	Blenheim, New Zealand	New Zealand	-41.51603	173.95280
452	Marquette University Raynor Library	Academic	Milwaukee, WI, United States	United States	43.03890	-87.90647
453	Maryland Institute College of Art	Academic	Baltimore, MD, United States	United States	39.29038	-76.61219
454	Massanutten Regional Library	Public	Harrisonburg, VA, United States	United States	38.44957	-78.86892
455	Massey University Library	Academic	Palmerston North, New Zealand	New Zealand	-40.35636	175.61113
456	McCracken County Public Library	Public	Paducah, KY, United States	United States	37.08339	-88.60005
457	McGill Libraries	Academic	Montreal, QC, Canada	Canada	45.50884	-73.58781
458	McMaster University	Academic	Hamilton, ON, Canada	Canada	43.25011	-79.84963
459	Mercer County Library System	Public	Lawrence, NJ, United States	United States	40.29710	-74.72960
460	Merrimack Valley Library Consortium	Consortium/Network	Lawrence, MA, United States	United States	42.70704	-71.16311
461	Mestna knjižnica Ljubljana	Public	Ljubljana, Slovenia	Slovenia	46.05108	14.50513
462	Metropolitan Library System	Consortium/Network	Oklahoma City, OK, United States	United States	35.46756	-97.51643
463	Miami Dade Public Library System	Public	Miami Gardens, FL, United States	United States	25.94204	-80.24560
464	Miami University Libraries	Academic	Oxford, OH, United States	United States	39.50700	-84.74523
465	Michigan State University Libraries	Academic	East Lansing, MI, United States	United States	42.73698	-84.48387
466	Mid Hudson Library System	Consortium/Network	Poughkeepsie, NY, United States	United States	41.70037	-73.92097
467	Mid York Library System	Consortium/Network	Utica, NY, United States	United States	43.10090	-75.23266
468	Mid-Columbia Libraries	Public	Kennewick, WA, United States	United States	46.21125	-119.13723
469	Mid-Continent Public Library	Public	Independence, MO, United States	United States	39.09112	-94.41551
470	Middlebury College Library	Academic	Middlebury, VT, United States	United States	44.00920	-73.17230
471	Middlebury Institute of International Studies at Monterey	Academic	Monterey, CA, United States	United States	36.60024	-121.89468
472	Middlesex College	Academic	Edison, NJ, United States	United States	40.51872	-74.41210
473	Mill Valley Public Library	Public	Mill Valley, CA, United States	United States	37.90600	-122.54500
474	Mills College at Northeastern University	Academic	Oakland, CA, United States	United States	37.80437	-122.27080
475	Milwaukee Public Library	Public	Milwaukee, WI, United States	United States	43.03890	-87.90647
476	Minnesota State University, Mankato, Library Services	Academic	Mankato, MN, United States	United States	44.15906	-94.00915
477	Minot Public Library	Public	Minot, ND, United States	United States	48.23251	-101.29627
478	Minuteman Library Network	Consortium/Network	Natick, MA, United States	United States	42.28343	-71.34950
479	Mishawaka Penn Harris Public Library	Public	Mishawaka, IN, United States	United States	41.66199	-86.15862
480	Mississauga Library	Public	Mississauga, ON, Canada	Canada	43.57890	-79.65830
481	Mississippi Library Commission	Public	Jackson, MS, United States	United States	32.29876	-90.18481
482	Missouri State University	Academic	Springfield, MO, United States	United States	37.21533	-93.29824
483	MIT Libraries	Academic	Cambridge, MA, United States	United States	42.37510	-71.10561
484	Mohawk Valley Community College	Academic	Utica, NY, United States	United States	43.10090	-75.23266
485	Moline Public Library	Public	Moline, IL, United States	United States	41.50670	-90.51513
486	Monarch Library System	Consortium/Network	Sheboygan, WI, United States	United States	43.75083	-87.71453
487	Monash University Library	Academic	Clayton, VI, Australia	Australia	-37.91667	145.11667
488	Monmouth County Library	Public	Manalapan, NJ, United States	United States	40.26680	-74.26120
489	Montgomery County Memorial Library System	Public	CONROE, TX, United States	United States	30.31188	-95.45605
490	Montgomery County Norristown Public Library	Public	Norristown, PA, United States	United States	40.12150	-75.33990
491	Montgomery County Public Libraries, MD	Public	Rockville, MD, United States	United States	39.08400	-77.15276
492	Morris County Library	Public	Whippany, NJ, United States	United States	40.83480	-74.42880
493	Morton Grove Public Library	Public	Morton Grove, IL, United States	United States	42.04059	-87.78256
494	Mount Holyoke College	Academic	South Hadley, MA, United States	United States	42.25842	-72.57453
495	Mount Vernon City Library	Public	Mount Vernon, WA, United States	United States	48.42122	-122.33405
496	Mountain View Public Library	Public	Mountain View, CA, United States	United States	37.38605	-122.08385
497	Multnomah County Library	Public	Portland, OR, United States	United States	45.52345	-122.67621
498	Muncy Library Test Instance	Test Instance	Dublin, OH, United States	United States	40.09923	-83.11408
499	Museum of Modern Art (MOMA)	Special	New York, NY, United States	United States	40.71427	-74.00597
500	Muthesius-Kunsthochschule, Zentrale Hochschulbibliothek	Academic	Kiel, Germany	Germany	54.32330	10.12280
501	Nantes Université	Academic	La Roche-sur-Yon CEDEX, France	France	46.67050	-1.42650
502	Naperville Public Library	Public	Naperville, IL, United States	United States	41.78586	-88.14729
503	Narodna in univerzitetna knjiznica	Regional or National	Ljubljana, Slovenia	Slovenia	46.05108	14.50513
504	Naropa University	Academic	Boulder, CO, United States	United States	40.01499	-105.27055
505	Nashville Public Library	Public	Nashville, TN, United States	United States	36.16589	-86.78444
506	Nassau Community College	Academic	Garden City, NY, United States	United States	40.72677	-73.63430
507	Nassau County Public Library System	Public	Fernandina Beach, FL, United States	United States	30.66970	-81.46200
508	National Art Library, Victoria and Albert Museum	Special	London, United Kingdom	United Kingdom	51.50853	-0.12574
509	National Diet Library	Regional or National	Tokyo, Japan	Japan	35.67620	139.75030
510	National Gallery of Canada, Library and Archives	Special	Ottawa, ON, Canada	Canada	45.41117	-75.69812
511	National Library Board, Singapore	Regional or National	Singapore, Singapore	Singapore	1.28967	103.85007
512	National Library Information System of Slovenia, COBIB/COBISS	Regional or National	Maribor, Slovenia	Slovenia	46.55583	15.64593
513	National Library of Armenia	Regional or National	Yerevan, Armenia	Armenia	40.17765	44.51260
514	National Library of Israel	Regional or National	Jerusalem, Israel	Israel	31.76904	35.21633
515	National Library of Poland, Biblioteka Narodowa	Regional or National	Warszawa, Poland	Poland	52.22977	21.01178
516	National Library of Scotland	Regional or National	Edinburgh, Scotland, United Kingdom	United Kingdom	55.95206	-3.19648
517	National Library of the Czech Republic	Regional or National	Prague, Czech Republic	Czech Republic	50.08804	14.42076
518	National Tsing-Hua University	Academic	Hsinchu, Taiwan	Taiwan	24.80361	120.96861
519	Navarro College	Academic	Corsicana, TX, United States	United States	32.09543	-96.46887
520	Nelson Public Libraries	Public	Nelson, New Zealand	New Zealand	-41.27078	173.28404
521	New Hanover County Public Library	Public	Wilmington, NC, United States	United States	34.23556	-77.94604
522	New Lenox Public Library District	Public	New Lenox, IL, United States	United States	41.51198	-87.96561
523	New Orleans Public Library	Public	New Orleans, LA, United States	United States	29.95465	-90.07507
524	New Westminster Public Library	Public	New Westminster, BC, Canada	Canada	49.20678	-122.91092
525	New York Public Library	Public	New York, NY, United States	United States	40.71427	-74.00597
526	New York University	Academic	New York, NY, United States	United States	40.71427	-74.00597
527	New York University, IFA, Stephen Chan Library	Academic	New York, NY, United States	United States	40.71427	-74.00597
528	Newcastle University	Academic	Newcastle Upon Tyne, United Kingdom	United Kingdom	54.97328	-1.61396
529	Newport Public Library	Public	Newport, OR, United States	United States	44.63680	-124.05350
530	Newport Public Library, Oregon	Public	Newport, OR, United States	United States	44.63680	-124.05350
531	NHAIS	Consortium/Network	Concord, NH, United States	United States	43.20814	-71.53757
532	Niedersächsische Staats- und Universitätsbibliothek Göttingen	Regional or National	Göttingen, Germany	Germany	51.53443	9.93228
533	Nieuwe Nobelaer, Etten-Leur	Public	Etten-Leur, Netherlands	Netherlands	51.57340	4.63710
534	Niles Maine District Library	Public	Niles, IL, United States	United States	42.01892	-87.80284
535	Nioga Library System	Consortium/Network	Lockport, NY, United States	United States	43.17061	-78.69031
536	Noord Oost Brabantse Bibliotheken	Consortium/Network	Oss, Netherlands	Netherlands	51.76450	5.51820
537	Norfolk County Council Library and Information Service	Public	Hethersett, United Kingdom	United Kingdom	52.61970	1.13270
538	NORTH CENTRAL WASHINGTON LIBRARIES	Consortium/Network	Wenatchee, WA, United States	United States	47.42346	-120.31035
539	North Olympic Library System	Consortium/Network	Port Angeles, WA, United States	United States	48.11815	-123.43074
540	North Richland Hills Public Library	Public	N Richland Hills, TX, United States	United States	32.83430	-97.22890
541	Northbrook Public Library	Public	Northbrook, IL, United States	United States	42.12753	-87.82895
542	Northeast Iowa Community College	Academic	Peosta, IA, United States	United States	42.44780	-91.37990
543	Northern Illinois University	Academic	Dekalb, IL, United States	United States	41.92947	-88.75036
544	Northwestern University	Academic	Evanston, IL, United States	United States	42.04114	-87.69006
545	Oak Brook Public Library	Public	Oak Brook, IL, United States	United States	41.83940	-87.95480
546	Oak Park Public Library	Public	Oak Park, IL, United States	United States	41.88503	-87.78450
547	Oberlin College Libraries	Academic	Oberlin, OH, United States	United States	41.29410	-82.21540
548	OC Public Libraries	Public	Santa Ana, CA, United States	United States	33.74557	-117.86783
549	Ocean City Public Library	Public	Ocean City, NJ, United States	United States	39.27760	-74.57460
550	Ocean County Library	Public	Toms River, NJ, United States	United States	39.95373	-74.19792
551	Ohio Northern University	Academic	Ada, OH, United States	United States	40.76590	-83.83240
552	Ohio State University Libraries	Academic	Columbus, OH, United States	United States	39.96118	-82.99879
553	Ohlone College Library	Academic	Fremont, CA, United States	United States	37.54827	-121.98857
554	Oklahoma Panhandle State University	Academic	Goodwell, OK, United States	United States	36.60030	-101.70380
555	Olathe Public Library	Public	Olathe, KS, United States	United States	38.88140	-94.81913
556	Old Colony Library Network	Consortium/Network	Braintree, MA, United States	United States	42.25288	-71.00227
557	Olson Library, Northern Michigan University	Academic	Marquette, MI, United States	United States	46.54354	-87.39542
558	Omaha Public Library	Public	Omaha, NE, United States	United States	41.25626	-95.94043
559	Onondaga County Public Library	Public	Syracuse, NY, United States	United States	43.04812	-76.14742
560	Openbare Bibliotheek Amsterdam	Public	Amsterdam, Netherlands	Netherlands	52.36760	4.90410
561	Openbare Bibliotheek Den Haag	Public	Den Haag, Netherlands	Netherlands	52.07990	4.32530
562	Orange County Library System	Public	Orlando, FL, United States	United States	28.53834	-81.37924
563	Oregon Coast Community College Library	Academic	Newport, OR, United States	United States	44.63680	-124.05350
564	Ottawa Public Library, Ottawa	Public	Ottawa, ON, Canada	Canada	45.41117	-75.69812
565	Palm Beach County Library System	Public	West Palm Beach, FL, United States	United States	26.71534	-80.05337
566	Palm Beach State College	Academic	Lake Worth, FL, United States	United States	26.61708	-80.07231
567	Palmerston North City Library	Public	Palmerston North, New Zealand	New Zealand	-40.35636	175.61113
568	Palo Alto City Library	Public	Palo Alto, CA, United States	United States	37.44188	-122.14302
569	Park Ridge Public Library	Public	Park Ridge, IL, United States	United States	42.01114	-87.84062
570	Pasadena Public Library	Public	Pasadena, CA, United States	United States	34.14778	-118.14452
571	Pella Public Library	Public	Pella, IA, United States	United States	41.40830	-92.92100
572	Pennsylvania State University Libraries	Academic	University Park, PA, United States	United States	40.79820	-77.85990
573	Peoria Public Library	Public	Peoria, IL, United States	United States	40.69365	-89.58899
574	Pettigrew Regional Library	Public	Plymouth, NC, United States	United States	35.86320	-76.74970
575	PHOENIX PUBLIC LIBRARY	Public	Phoenix, AZ, United States	United States	33.44838	-112.07404
576	Pierce County Library System	Public	Tacoma, WA, United States	United States	47.25288	-122.44429
577	Pikes Peak Library District	Public	Colorado Springs, CO, United States	United States	38.83388	-104.82136
578	Pima Community College Library	Academic	Tucson, AZ, United States	United States	32.22174	-110.92648
579	Pima County Public Library	Public	Tucson, AZ, United States	United States	32.22174	-110.92648
580	Pinal County Library District	Public	Florence, AZ, United States	United States	33.03145	-111.38734
581	Pioneer Library System	Public	Norman, OK, United States	United States	35.22257	-97.43948
582	Pitkin County Library	Public	Aspen, CO, United States	United States	39.19110	-106.81750
583	Placer County Library	Public	Auburn, CA, United States	United States	38.89660	-121.07680
584	Plano Public Library	Public	Plano, TX, United States	United States	33.01984	-96.69889
585	Point Park University Library	Academic	Pittsburgh, PA, United States	United States	40.44062	-79.99589
586	Port Phillip Library Service	Public	St Kilda, VI, Australia	Australia	-37.86760	144.98099
587	Portland Public Library	Public	Portland, ME, United States	United States	43.65737	-70.25890
588	Primiero Biblioteca comunale	Public	Fiera di Primiero, Italy	Italy	46.16670	11.86670
589	Prince George's County Memorial Library System - PGCMLS	Public	Largo, MD, United States	United States	38.89070	-76.82580
590	Princeton University Library	Academic	Princeton, NJ, United States	United States	40.34872	-74.65905
591	Prospect Heights Public Library District	Public	Prospect Heights, IL, United States	United States	42.09530	-87.93757
592	Prosser Public Library	Public	Bloomfield, CT, United States	United States	41.82649	-72.73009
593	Provo City Library	Public	Provo, UT, United States	United States	40.23384	-111.65853
594	Pueblo City County Library District	Public	Pueblo, CO, United States	United States	38.25445	-104.60914
595	Purdue University Library	Academic	West Lafayette, IN, United States	United States	40.42587	-86.90807
596	Puyallup Public Library	Public	Puyallup, WA, United States	United States	47.25288	-122.44429
597	Queens College	Academic	Flushing, NY, United States	United States	40.73640	-73.82020
598	Queens Public Library	Public	Jamaica, NY, United States	United States	40.69149	-73.80569
599	Quincy Public Library	Public	Quincy, IL, United States	United States	39.93560	-91.40987
600	Ramapo Catskill Library System	Consortium/Network	Middletown, NY, United States	United States	41.44593	-74.42293
601	Ramsey County Public Library	Public	Shoreview, MN, United States	United States	45.07913	-93.14717
602	Redwood City Public Library	Public	Redwood City, CA, United States	United States	37.48522	-122.23635
603	Reed College Library	Academic	Portland, OR, United States	United States	45.52345	-122.67621
604	Rhodes University Libraries	Academic	Grahamstown, South Africa	South Africa	-33.30422	26.53276
605	Rice University	Academic	Houston, TX, United States	United States	29.76328	-95.36327
606	Richland County Public Library	Public	Columbia, SC, United States	United States	34.00071	-81.03481
607	Richland Public Library	Public	Richland, WA, United States	United States	46.28569	-119.28446
608	Rijnbrink Extern IBL	Consortium/Network	Deventer, Netherlands	Netherlands	52.25510	6.16390
609	Rita and Truett Smith Public Library	Public	Wylie, TX, United States	United States	33.01512	-96.53888
610	Roanoke County Public Library	Public	Roanoke, VA, United States	United States	37.27097	-79.94143
611	Robert Lee Brothers, Jr. Memorial Library	Public	Gonzales, TX, United States	United States	29.50190	-97.45140
612	Rochester Public Library	Public	Rochester, NY, United States	United States	43.15478	-77.61556
613	Rochester Public Library	Public	Rochester, MN, United States	United States	44.02163	-92.46990
614	Roger Williams University	Academic	Bristol, RI, United States	United States	41.67705	-71.26616
615	Rollins College	Academic	Winter Park, FL, United States	United States	28.60000	-81.33924
616	Rolvaag Memorial Library	Academic	Northfield, MN, United States	United States	44.45830	-93.16160
617	Rotorua Library Te Aka Mauri	Public	Rotorua, New Zealand	New Zealand	-38.13874	176.24516
618	Royal Danish Library - (DKB)	Regional or National	Copenhagen K, Denmark	Denmark	55.67594	12.56553
619	Rozet Bibliotheek	Public	Arnhem, Netherlands	Netherlands	51.98510	5.89870
620	Russell Library	Public	Middletown, CT, United States	United States	41.56232	-72.65065
621	Rutgers, The State University of New Jersey	Academic	Piscataway, NJ, United States	United States	40.49927	-74.39904
622	Sacramento Public Library	Public	Sacramento, CA, United States	United States	38.58157	-121.49440
623	Saint Louis Public Library	Public	St Louis, MO, United States	United States	38.62727	-90.19789
624	Saint Paul Public Library	Public	Saint Paul, MN, United States	United States	44.94441	-93.09327
625	Salt Lake City Public Library	Public	Salt Lake City, UT, United States	United States	40.76078	-111.89105
626	Salt Lake County Library	Public	Cottonwood Heights, UT, United States	United States	40.61967	-111.81021
627	Salve Regina University Library	Academic	Newport, RI, United States	United States	41.49010	-71.31283
628	Sam Houston State University	Academic	Huntsville, TX, United States	United States	30.72353	-95.55078
629	San Antonio College Library	Academic	San Antonio, TX, United States	United States	29.42412	-98.49363
630	San Antonio Public Library	Public	San Antonio, TX, United States	United States	29.42412	-98.49363
631	San Diego County Library	Public	San Diego, CA, United States	United States	32.71571	-117.16472
632	San Diego Public Library	Public	San Diego, CA, United States	United States	32.71571	-117.16472
633	San Diego State University Library	Academic	San Diego, CA, United States	United States	32.71571	-117.16472
634	San Francisco Public Library	Public	San Francisco, CA, United States	United States	37.77493	-122.41942
635	San Francisco State University Library	Academic	San Francisco, CA, United States	United States	37.77493	-122.41942
636	San Jose Public Library	Public	San Jose, CA, United States	United States	37.33939	-121.89496
637	San Juan College Library	Academic	Farmington, NM, United States	United States	36.72806	-108.21869
638	San Juan Island Library District	Public	Friday Harbor, WA, United States	United States	48.53440	-123.01590
639	San Mateo County Library	Public	San Mateo, CA, United States	United States	37.56299	-122.32553
640	San Mateo Public Library	Public	San Mateo, CA, United States	United States	37.56299	-122.32553
641	San Rafael Public Library	Public	San Rafael, CA, United States	United States	37.97353	-122.53109
642	Sanibel Public Library	Public	Sanibel, FL, United States	United States	26.44040	-82.08010
643	Santa Clara City Library	Public	Santa Clara, CA, United States	United States	37.35411	-121.95524
644	Santa Clara County Library District	Public	Campbell, CA, United States	United States	37.28717	-121.94996
645	Santa Fe Public Library	Public	Santa Fe, NM, United States	United States	35.68698	-105.93780
646	Santa Monica Public Library	Public	Santa Monica, CA, United States	United States	34.01949	-118.49138
647	Santiago Canyon College	Academic	Orange, CA, United States	United States	33.78779	-117.85311
648	Sarah Lawrence College	Academic	Bronxville, NY, United States	United States	40.92960	-73.81030
649	Sarasota County Library System	Public	Sarasota, FL, United States	United States	27.33643	-82.53065
650	Schaumburg Township District Library	Public	Schaumburg, IL, United States	United States	42.03336	-88.08341
651	Schenectady County Community College	Academic	Schenectady, NY, United States	United States	42.81424	-73.93957
652	School of The Art Institute of Chicago	Academic	Chicago, IL, United States	United States	41.85003	-87.65005
653	Sciences Po Paris	Academic	Paris CEDEX 07, France	France	48.85341	2.34880
654	Seaside Public Library	Public	Seaside, OR, United States	United States	45.99320	-123.92260
655	Seattle Public Library	Public	Seattle, WA, United States	United States	47.60621	-122.33207
656	Seneca Public Library District	Public	Seneca, IL, United States	United States	41.31110	-88.61170
657	SEO Library Consortium	Consortium/Network	Caldwell, OH, United States	United States	39.73920	-81.53400
658	Sewanee: The University of the South	Academic	Sewanee, TN, United States	United States	35.20450	-85.92140
659	Shanghai Library	Public	Shanghai, China	China	31.22222	121.45806
660	Sioux City Public Library	Public	Sioux City, IA, United States	United States	42.49999	-96.40031
661	Sistema Bibliotecario Ticinese	Consortium/Network	Lugano, Switzerland	Switzerland	46.01008	8.96004
662	SISTEMA BIBLIOTECARIO TRENTINO	Consortium/Network	Trento, Italy	Italy	46.06787	11.12108
663	Sitka Public Library	Public	Sitka, AK, United States	United States	57.05310	-135.33000
664	Skokie Public Library	Public	Skokie, IL, United States	United States	42.03336	-87.73339
665	Smith College	Academic	Northampton, MA, United States	United States	42.32509	-72.64120
666	Sno-Isle Libraries	Public	Marysville, WA, United States	United States	48.05176	-122.17708
667	Somerset County Library	Public	Bridgewater, NJ, United States	United States	40.60079	-74.64815
668	Sonoma County Library	Public	Rohnert Park, CA, United States	United States	38.33964	-122.70110
669	Sophia University Library	Academic	Tokyo, Japan	Japan	35.68950	139.69171
670	Sorbonne Université	Academic	Paris, France	France	48.85341	2.34880
671	South Dakota State University	Academic	Brookings, SD, United States	United States	44.31136	-96.79839
672	South San Francisco Public Library	Public	South San Francisco, CA, United States	United States	37.65466	-122.40775
673	South Wairarapa District Libraries	Public	Martinborough, New Zealand	New Zealand	-41.21000	175.48000
674	South Windsor Public Library	Public	South Windsor, CT, United States	United States	41.82371	-72.62120
675	Southeast Oklahoma Library System	Consortium/Network	McAlester, OK, United States	United States	34.93343	-95.76971
676	Southern Connecticut State University	Academic	New Haven, CT, United States	United States	41.30815	-72.92816
677	Southern Methodist University Libraries	Academic	Dallas, TX, United States	United States	32.78306	-96.80667
678	Springfield City Library	Public	Springfield, MA, United States	United States	42.10148	-72.58981
679	Springfield Public Library	Public	Springfield, OR, United States	United States	44.04624	-123.02203
680	Springfield-Greene County Library District	Public	Springfield, MO, United States	United States	37.21533	-93.29824
681	St Charles City-County Library	Public	Saint Peters, MO, United States	United States	38.80033	-90.62651
682	St Charles Public Library	Public	Saint Charles, IL, United States	United States	41.91420	-88.30870
683	St. Joseph's University, New York - Callahan Library	Academic	Patchogue, NY, United States	United States	40.76600	-73.01760
684	St. Lawrence University	Academic	Canton, NY, United States	United States	44.59920	-75.16630
685	St. Mary's University	Academic	San Antonio, TX, United States	United States	29.42412	-98.49363
686	Staats- und Universitätsbibliothek Bremen	Regional or National	Bremen, Germany	Germany	53.07582	8.80717
687	Staats- und Universitätsbibliothek Hamburg Carl von Ossietzky	Academic	Hamburg, Germany	Germany	53.55073	9.99302
688	Staatsbibliothek zu Berlin - Preußischer Kulturbesitz, Haus Potsdamer Straße	Regional or National	Berlin, Germany	Germany	52.52437	13.41053
689	Stadtbibliothek Braunschweig	Public	Braunschweig, Germany	Germany	52.26890	10.52680
690	Stanford University	Academic	Stanford, CA, United States	United States	37.42750	-122.16970
691	State Library of Western Australia	Regional or National	Perth, WA, Australia	Australia	-31.95224	115.86140
692	State University of New York, Binghamton University Libraries	Academic	Binghamton, NY, United States	United States	42.09869	-75.91797
693	STELLA-Sharing & Technology Enhancing Local Library Access	Consortium/Network	Edison, NJ, United States	United States	40.51872	-74.41210
694	Summit Free Public Library	Public	Summit, NJ, United States	United States	40.71562	-74.36468
695	Sunnyvale Public Library	Public	Sunnyvale, CA, United States	United States	37.36883	-122.03635
696	SUNY Adirondack	Public	Queensbury, NY, United States	United States	43.37729	-73.61317
697	SUNY at Buffalo	Academic	Buffalo, NY, United States	United States	42.88645	-78.87837
698	SUNY at New Paltz	Academic	New Paltz, NY, United States	United States	41.74760	-74.08620
699	SUNY Brockport	Public	Brockport, NY, United States	United States	43.21340	-77.93640
700	SUNY Buffalo State University	Academic	Buffalo, NY, United States	United States	42.88645	-78.87837
701	SUNY Delhi	Public	Delhi, NY, United States	United States	42.27870	-74.91790
702	Swarthmore College	Academic	Swarthmore, PA, United States	United States	39.90280	-75.35490
703	Syracuse University	Academic	Syracuse, NY, United States	United States	43.04812	-76.14742
704	Sächsische Landesbibliothek - Staats- und Universitätsbibliothek Dresden	Regional or National	Dresden, Germany	Germany	51.05089	13.73832
705	Tacoma Public Library	Public	Tacoma, WA, United States	United States	47.25288	-122.44429
706	Tamkang University Library (TKUL)	Academic	Tamsui Taipei, Taiwan	Taiwan	25.17510	121.44940
707	Tate Library	Special	London, United Kingdom	United Kingdom	51.50853	-0.12574
708	Technische Informationsbibliothek (TIB) / Leibniz-Informationszentrum Technik und Naturwissenschaften und Universitätsbibliothek	Academic	Hannover, Germany	Germany	52.37590	9.73200
709	Tel Aviv University	Academic	Tel-Aviv, Israel	Israel	32.08088	34.78057
710	Temple Public Library	Public	Temple, TX, United States	United States	31.09823	-97.34278
711	Temple University Libraries	Academic	Philadelphia, PA, United States	United States	39.95238	-75.16362
712	Testbibliothek HD	Test Instance	Heidelberg, Germany	Germany	49.40768	8.69079
713	Texas Christian University	Academic	Fort Worth, TX, United States	United States	32.72541	-97.32085
714	Thammasat University Library	Academic	Bangkok, Thailand	Thailand	13.75398	100.50144
715	The Alma Jordan Library - The University of the West Indies	Academic	Saint Augustine, Trinidad & Tobago	Trinidad & Tobago	10.64170	-61.39860
716	The British Library, St. Pancras	Regional or National	London, United Kingdom	United Kingdom	51.50853	-0.12574
717	The Claremont Colleges	Academic	Claremont, CA, United States	United States	34.09668	-117.71978
718	The College of New Jersey	Academic	Ewing, NJ, United States	United States	40.26983	-74.79988
719	The Community Library	Public	Ketchum, ID, United States	United States	43.68050	-114.36390
720	The Ferguson Library	Academic	Stamford, CT, United States	United States	41.05343	-73.53873
721	The Indianapolis Public Library	Public	Indianapolis, IN, United States	United States	39.76838	-86.15804
722	The Library of Rowan College at Burlington County	Academic	Mount Laurel, NJ, United States	United States	39.93400	-74.89100
723	The Library of Trinity College Dublin, the University of Dublin	Academic	Dublin 2, Ireland	Ireland	53.34380	-6.25460
724	The Metropolitan Museum of Art	Special	New York, NY, United States	United States	40.71427	-74.00597
725	The New School	Academic	New York, NY, United States	United States	40.71427	-74.00597
726	The Public Library of Youngstown & Mahoning County	Public	Youngstown, OH, United States	United States	41.09978	-80.64952
727	The University of Texas at El Paso	Academic	El Paso, TX, United States	United States	31.75872	-106.48693
728	Thüringer Universitäts- und Landesbibliothek	Regional or National	Jena, Germany	Germany	50.92878	11.58990
729	Timberland Regional Library	Public	Tumwater, WA, United States	United States	47.00732	-122.90931
730	Tinley Park Public Library	Public	Tinley Park, IL, United States	United States	41.57337	-87.78449
731	Topeka & Shawnee County Public Library	Public	Topeka, KS, United States	United States	39.04833	-95.67804
732	Toronto Metropolitan University	Academic	Toronto, ON, Canada	Canada	43.70643	-79.39864
733	Toronto Public Library	Public	Toronto, ON, Canada	Canada	43.70643	-79.39864
734	Toshokan Ryutsu Center Company Limited	Other	Tokyo, Japan	Japan	35.71827	139.73640
735	Towson University	Academic	Towson, MD, United States	United States	39.40150	-76.60191
736	Transylvania University	Academic	Lexington, KY, United States	United States	37.98869	-84.47772
737	Traverse Area District Library	Public	Traverse City, MI, United States	United States	44.76306	-85.62063
738	Trento BCT Via Roma	Public	Trento, Italy	Italy	46.06787	11.12108
739	Trinity University, Coates Library	Academic	San Antonio, TX, United States	United States	29.42412	-98.49363
740	TU Berlin, Universitätsbibliothek	Academic	Berlin, Germany	Germany	52.52437	13.41053
741	Tulane University	Academic	New Orleans, LA, United States	United States	29.95465	-90.07507
742	Tyler Public Library	Public	Tyler, TX, United States	United States	32.35126	-95.30106
743	UAA/APU Consortium Library	Academic	Anchorage, AK, United States	United States	61.21806	-149.90028
744	UB Weimar	Academic	Weimar, Germany	Germany	50.98030	11.32903
745	UC Berkeley Libraries	Academic	Berkeley, CA, United States	United States	37.87159	-122.27275
746	UC Southern Systemwide Facility	Academic	Los Angeles, CA, United States	United States	34.05223	-118.24368
747	UCL	Academic	London, United Kingdom	United Kingdom	51.50853	-0.12574
748	UMBC	Academic	Baltimore, MD, United States	United States	39.29038	-76.61219
749	UNH Durham	Academic	Durham, NH, United States	United States	43.13390	-70.92640
750	Union College	Academic	Schenectady, NY, United States	United States	42.81424	-73.93957
751	United States Military Academy	Academic	West Point, NY, United States	United States	41.39080	-73.95640
752	Universidad de Granada. Biblioteca	Academic	Granada, Spain	Spain	37.17730	-3.59860
753	Universidad de Navarra	Academic	Pamplona, Spain	Spain	42.80460	-1.63490
754	Universidad del País Vasco/Euskal Herriko Unibertsitatea	Academic	Leioa (Bizkaia), Spain	Spain	43.32686	-2.98884
755	Universidad Iberoamericana	Academic	Mexico DF, Mexico	Mexico	19.42847	-99.12766
756	Universitat de Barcelona. CRAI	Academic	Barcelona, Spain	Spain	41.38540	2.17340
757	Universitat de València	Academic	Valencia, Spain	Spain	39.46990	-0.37630
758	University at Albany	Academic	Albany, NY, United States	United States	42.65258	-73.75623
759	University College Dublin, James Joyce Library	Academic	Dublin 4, Ireland	Ireland	53.30650	-6.22330
760	University of Alabama	Academic	Tuscaloosa, AL, United States	United States	33.20984	-87.56917
761	University of Alberta	Academic	Edmonton, AB, Canada	Canada	53.55014	-113.46871
762	University of Arizona Libraries	Academic	Tucson, AZ, United States	United States	32.22174	-110.92648
763	University of Arkansas	Academic	Fayetteville, AR, United States	United States	36.06258	-94.15743
764	University of Bristol Library	Academic	Bristol, United Kingdom	United Kingdom	51.45523	-2.59665
765	University of British Columbia Library	Academic	Vancouver, BC, Canada	Canada	49.24966	-123.11934
766	University of Calgary Library	Academic	Calgary, AB, Canada	Canada	51.05011	-114.08529
767	University of California, Davis	Academic	Davis, CA, United States	United States	38.54491	-121.74052
768	University of California, Irvine	Academic	Irvine, CA, United States	United States	33.66946	-117.82311
769	University of California, Los Angeles	Academic	Los Angeles, CA, United States	United States	34.05223	-118.24368
770	University of California, Merced	Academic	Merced, CA, United States	United States	37.30216	-120.48297
771	University of California, Riverside	Academic	Riverside, CA, United States	United States	33.95335	-117.39616
772	University of California, San Diego	Academic	La Jolla, CA, United States	United States	32.84727	-117.27420
773	University of California, Santa Barbara	Academic	Santa Barbara, CA, United States	United States	34.42083	-119.69819
774	University of California, Santa Cruz	Academic	Santa Cruz, CA, United States	United States	36.97412	-122.03080
775	University of California, Systemwide Library Facility-North	Academic	Richmond, CA, United States	United States	37.93576	-122.34775
776	University of Cambridge	Academic	Cambridge, United Kingdom	United Kingdom	52.20000	0.11667
777	University of Central Florida	Academic	Orlando, FL, United States	United States	28.53834	-81.37924
778	University of Chicago Library	Academic	Chicago, IL, United States	United States	41.85003	-87.65005
779	University of Cincinnati - Main Campus	Academic	Cincinnati, OH, United States	United States	39.16000	-84.46000
780	University of Colorado Boulder	Academic	Boulder, CO, United States	United States	40.01499	-105.27055
781	University of Dallas	Academic	Irving, TX, United States	United States	32.81402	-96.94889
782	University of Delaware Library	Academic	Newark, DE, United States	United States	39.68372	-75.74966
783	University of Denver, University Libraries	Academic	Denver, CO, United States	United States	39.73915	-104.98470
784	University of Exeter Library	Academic	Exeter Devon, United Kingdom	United Kingdom	50.73550	-3.53390
785	University of Florida	Academic	Gainesville, FL, United States	United States	29.65163	-82.32483
786	University of Georgia	Academic	Athens, GA, United States	United States	33.96095	-83.37794
787	University of Glasgow	Academic	Glasgow, United Kingdom	United Kingdom	55.86515	-4.25763
788	University of Haifa	Academic	Haifa, Israel	Israel	32.81303	34.99928
789	University of Hawaii at Manoa	Academic	Honolulu, HI, United States	United States	21.30694	-157.85833
790	University of Houston	Academic	Houston, TX, United States	United States	29.76328	-95.36327
791	University of Illinois at Chicago Library	Academic	Chicago, IL, United States	United States	41.85003	-87.65005
792	University of Illinois at Urbana Champaign	Academic	Urbana, IL, United States	United States	40.11059	-88.20727
793	University of Iowa Libraries	Academic	Iowa City, IA, United States	United States	41.66113	-91.53017
794	University of Kansas	Academic	Lawrence, KS, United States	United States	38.97167	-95.23525
795	University of Kansas Archives / MSS / Rare Books	Academic	Lawrence, KS, United States	United States	38.97167	-95.23525
796	University of Kentucky Libraries	Academic	Lexington, KY, United States	United States	37.98869	-84.47772
797	University of Louisiana at Lafayette	Academic	Lafayette, LA, United States	United States	30.22409	-92.01984
798	University of Manitoba Libraries	Academic	Winnipeg, MB, Canada	Canada	49.88440	-97.14704
799	University of Maryland Libraries	Academic	College Park, MD, United States	United States	38.98067	-76.93692
800	University of Massachusetts Amherst	Academic	Amherst, MA, United States	United States	42.36723	-72.51852
801	University of Miami	Academic	Coral Gables, FL, United States	United States	25.72149	-80.26838
802	University of Michigan	Academic	Ann Arbor, MI, United States	United States	42.27756	-83.74088
803	University of Minnesota Batchload	Academic	Minneapolis, MN, United States	United States	44.97997	-93.26384
804	University of Minnesota, Twin Cities	Academic	Minneapolis, MN, United States	United States	44.97997	-93.26384
805	University of Missouri -- Columbia	Academic	Columbia, MO, United States	United States	38.95171	-92.33407
806	University of Nevada, Las Vegas Libraries	Academic	Las Vegas, NV, United States	United States	36.17497	-115.13722
807	University of North Carolina at Chapel Hill. University Libraries	Academic	Chapel Hill, NC, United States	United States	35.91320	-79.05584
808	University of North Carolina, Charlotte	Academic	Charlotte, NC, United States	United States	35.22709	-80.84313
809	University of Northern Colorado	Academic	Greeley, CO, United States	United States	40.42331	-104.70913
810	University of Northern Iowa	Academic	Cedar Falls, IA, United States	United States	42.52776	-92.44547
811	University of Notre Dame	Academic	Notre Dame, IN, United States	United States	41.70520	-86.23520
812	University of Nottingham	Academic	Nottingham, United Kingdom	United Kingdom	52.95360	-1.15047
813	University of Oklahoma	Academic	Norman, OK, United States	United States	35.22257	-97.43948
814	University of Oregon Libraries	Academic	Eugene, OR, United States	United States	44.05207	-123.08675
815	University of Otago Library	Academic	Dunedin, New Zealand	New Zealand	-45.87416	170.50361
816	University of Oxford	Academic	Oxford, United Kingdom	United Kingdom	51.75222	-1.25596
817	University of Pennsylvania Libraries	Academic	Philadelphia, PA, United States	United States	39.95238	-75.16362
818	University of Pittsburgh	Academic	Pittsburgh, PA, United States	United States	40.44062	-79.99589
819	University of Puget Sound	Academic	Tacoma, WA, United States	United States	47.25288	-122.44429
820	University of Redlands	Academic	Redlands, CA, United States	United States	34.05557	-117.18254
821	University of Rhode Island Library, Kingston	Academic	Kingston, RI, United States	United States	41.49000	-71.52660
822	University of Richmond	Academic	Richmond, VA, United States	United States	37.55376	-77.46026
823	University of Rochester	Academic	Rochester, NY, United States	United States	43.15478	-77.61556
824	University of San Francisco	Academic	San Francisco, CA, United States	United States	37.77493	-122.41942
825	University of Saskatchewan Library	Academic	Saskatoon, SK, Canada	Canada	52.13238	-106.66892
826	University of Sheffield	Academic	Sheffield, United Kingdom	United Kingdom	53.38297	-1.46590
827	University of South Dakota	Academic	Vermillion, SD, United States	United States	42.78830	-96.92910
828	University of Southern California	Academic	Los Angeles, CA, United States	United States	34.05223	-118.24368
829	University of St Andrews	Academic	Fife, United Kingdom	United Kingdom	56.33980	-2.79670
830	University of St. Thomas	Academic	Houston, TX, United States	United States	29.76328	-95.36327
831	University of Sydney Library	Academic	Sydney, NS, Australia	Australia	-33.86785	151.20732
832	University of Tennessee at Knoxville	Academic	Knoxville, TN, United States	United States	35.96064	-83.92074
833	University of Texas Libraries	Academic	Austin, TX, United States	United States	30.26715	-97.74306
834	University of Toronto	Academic	Toronto, ON, Canada	Canada	43.70643	-79.39864
835	University of Toronto Group	Academic	Toronto, ON, Canada	Canada	43.70643	-79.39864
836	University of Toronto Library at Downsview	Academic	Toronto, ON, Canada	Canada	43.70643	-79.39864
837	University of Toronto St Michael's College Library	Academic	Toronto, ON, Canada	Canada	43.70643	-79.39864
838	University of Utah	Academic	Salt Lake City, UT, United States	United States	40.76078	-111.89105
839	University of Victoria Libraries	Academic	Victoria, BC, Canada	Canada	48.43590	-123.35155
840	University of Virginia	Academic	Charlottesville, VA, United States	United States	38.02931	-78.47668
841	University of Washington Libraries	Academic	Seattle, WA, United States	United States	47.60621	-122.33207
842	University of Wisconsin - La Crosse	Academic	La Crosse, WI, United States	United States	43.80136	-91.23958
843	University of Wisconsin - Madison General Library System	Academic	Madison, WI, United States	United States	43.07305	-89.40123
844	University of Wisconsin - Milwaukee	Academic	Milwaukee, WI, United States	United States	43.03890	-87.90647
845	University of Wisconsin - Platteville	Academic	Platteville, WI, United States	United States	42.73420	-90.48350
846	University of Wisconsin-Eau Claire	Academic	Eau Claire, WI, United States	United States	44.81135	-91.49849
847	University of Wisconsin-Madison Law Library	Academic	Madison, WI, United States	United States	43.07305	-89.40123
848	University of Wyoming	Academic	Laramie, WY, United States	United States	41.31137	-105.59110
849	University of York	Academic	York, United Kingdom	United Kingdom	53.95763	-1.08271
850	Università della Svizzera italiana	Academic	Mendrisio, Switzerland	Switzerland	45.86640	8.95160
851	Università di Bologna, Sistema bibliotecario di ateneo	Academic	Bologna, Italy	Italy	44.49381	11.33875
852	Università di Padova - Biblioteca Beato Pellegrino di Studi Letterari, Linguistici, Pedagogici e dello Spettacolo	Academic	Padova, Italy	Italy	45.40797	11.88586
853	Università di Padova - Biblioteca di Scienze Politiche Ettore Anchieri	Academic	Padova, Italy	Italy	45.40797	11.88586
854	Università di Torino - Sistema Bibliotecario d'Ateneo	Academic	Torino, Italy	Italy	45.07049	7.68682
855	Universität Konstanz, Kommunikations-, Informations-, Medienzentrum (KIM)	Academic	Konstanz, Germany	Germany	47.66033	9.17582
856	Universität Mainz, Zentralbibliothek	Academic	Mainz, Germany	Germany	49.98185	8.28008
857	Universität Marburg, Universitätsbibliothek	Academic	Marburg/Lahn, Germany	Germany	50.80900	8.76860
858	Universität Potsdam, Universitätsbibliothek	Academic	Potsdam, Germany	Germany	52.39886	13.06566
859	Universität Zürich / Nebis	Academic	Zürich, Switzerland	Switzerland	47.36667	8.55000
860	Universitäts- und Landesbibliothek Sachsen-Anhalt / Zentrale	Regional or National	Halle/Saale, Germany	Germany	51.48280	11.96940
861	Universitäts- und Stadtbibliothek Köln, Hauptabteilung	Academic	Köln, Germany	Germany	50.93333	6.95000
862	Universitätsbibliothek Bamberg	Academic	Bamberg, Germany	Germany	49.89873	10.90067
863	Universitätsbibliothek Basel	Academic	Basel, Switzerland	Switzerland	47.55839	7.57327
864	Universitätsbibliothek Bern	Academic	Bern, Switzerland	Switzerland	46.94809	7.44744
865	Universitätsbibliothek der Eberhard Karls Universität	Academic	Tübingen, Germany	Germany	48.52266	9.05222
866	Universitätsbibliothek der LMU München	Academic	München, Germany	Germany	48.13743	11.57549
867	Universitätsbibliothek Erlangen-Nürnberg, Hauptbibliothek Erlangen	Academic	Erlangen, Germany	Germany	49.59099	11.00783
868	Universitätsbibliothek Freiburg	Academic	Freiburg/Breisgau, Germany	Germany	47.99900	7.84210
869	Universitätsbibliothek Gießen	Academic	Gießen, Germany	Germany	50.58727	8.67554
870	Universitätsbibliothek Heidelberg	Academic	Heidelberg, Germany	Germany	49.40768	8.69079
871	Universitätsbibliothek Hildesheim	Academic	Hildesheim, Germany	Germany	52.15080	9.95110
872	Universitätsbibliothek J. C. Senckenberg, Zentralbibliothek (ZB)	Academic	Frankfurt/Main, Germany	Germany	50.11552	8.68417
873	Universitätsbibliothek Kassel, Landesbibliothek und Murhardsche Bibliothek der Stadt Kassel	Academic	Kassel, Germany	Germany	51.31270	9.47970
874	Universitätsbibliothek Kiel, Zentralbibliothek	Academic	Kiel, Germany	Germany	54.32133	10.13489
875	Universitätsbibliothek Leipzig	Academic	Leipzig, Germany	Germany	51.33962	12.37129
876	Universitätsbibliothek Osnabrück	Academic	Osnabrück, Germany	Germany	52.27264	8.04980
877	Universitätsbibliothek Regensburg	Academic	Regensburg, Germany	Germany	49.01513	12.10161
878	Universitätsbibliothek Würzburg	Academic	Würzburg, Germany	Germany	49.79391	9.95121
879	Université Bordeaux Montaigne	Academic	Pessac CEDEX, France	France	44.80565	-0.63240
880	Université Bourgogne Europe	Academic	Dijon, France	France	47.32200	5.04150
881	Université Côte d'Azur. BU Lettres Arts Sciences Humaines	Academic	Nice, France	France	43.71020	7.26200
882	Université d'Aix-Marseille	Academic	Aix-en-Provence Cedex 1, France	France	43.52830	5.44973
883	Université d'Angers	Academic	CEDEX 02, France	France	47.47840	-0.56320
884	Université d'Orléans	Academic	Orléans CEDEX 2, France	France	47.87830	1.91920
885	Université d'Ottawa	Academic	Ottawa, ON, Canada	Canada	45.41117	-75.69812
886	Université de Bordeaux	Academic	Agen, France	France	44.20190	0.61670
887	Université de Caen Normandie	Academic	Caen Cedex, France	France	49.18290	-0.37070
888	Université de la Sorbonne nouvelle	Academic	Paris, France	France	48.84100	2.34680
889	Université de Lille	Academic	Villeneuve d'Ascq CEDEX, France	France	50.61669	3.16664
890	Université de Lorraine	Academic	Nancy CEDEX, France	France	48.68439	6.18496
891	Université de Pau et des Pays de l'Adour	Academic	Pau, France	France	43.30000	-0.36670
892	Université de Rouen Normandie	Academic	Mont-Saint-Aignan CEDEX, France	France	49.45810	1.07030
893	Université de Strasbourg	Academic	Strasbourg, Cedex, France	France	48.58392	7.74553
894	Université de Tours	Academic	Tours CEDEX, France	France	47.39410	0.68480
895	Université du Havre	Academic	Le Havre CEDEX, France	France	49.49440	0.10790
896	Université du Québec à Montréal	Academic	Montreal, QC, Canada	Canada	45.50884	-73.58781
897	Université Grenoble Alpes	Academic	Grenoble Cedex 9, France	France	45.17869	5.71479
898	Université Paris Nanterre	Academic	Nanterre CEDEX, France	France	48.89198	2.20675
899	Université Rennes 2	Academic	Rennes CEDEX, France	France	48.11470	-1.67940
900	Université Savoie Mont Blanc	Academic	Chambéry CEDEX, France	France	45.56460	5.91780
901	Université Toulouse Jean Jaurès	Academic	Toulouse cedex 1, France	France	43.60426	1.44367
902	Univerzitet umetnosti u Beogradu, Fakultet muzičke umetnosti	Academic	Beograd, Serbia	Serbia	44.80401	20.46513
903	Univerzitetna knjižnica Maribor	Academic	Maribor, Slovenia	Slovenia	46.55583	15.64593
904	Uniwersytet Lodzki, Biblioteka Glowna	Academic	Lodz, Poland	Poland	51.77058	19.47395
905	Upper Hudson Library System	Consortium/Network	Albany, NY, United States	United States	42.65258	-73.75623
906	Urbana Free Library	Public	Urbana, IL, United States	United States	40.11059	-88.20727
907	Ursinus College	Academic	Collegeville, PA, United States	United States	40.21170	-75.44850
908	USC Lancaster	Public	Lancaster, SC, United States	United States	34.71760	-80.78260
909	Utah Valley University Library	Academic	Orem, UT, United States	United States	40.29690	-111.69465
910	Vancouver Public Library	Public	Vancouver, BC, Canada	Canada	49.24966	-123.11934
911	Vanderbilt University Library	Academic	Nashville, TN, United States	United States	36.16589	-86.78444
912	Vassar College	Academic	Poughkeepsie, NY, United States	United States	41.70037	-73.92097
913	Ventura County Library	Public	Ventura, CA, United States	United States	34.27834	-119.29317
914	Verbundzentrale des Gemeinsamen Bibliotheksverbundes	Consortium/Network	Göttingen, Germany	Germany	51.53443	9.93228
915	Vermont State College System Libraries	Academic	Johnson, VT, United States	United States	44.49360	-72.67790
916	Victoria Public Library	Public	Victoria, TX, United States	United States	28.80527	-97.00360
917	Viking Library System	Public	Fergus Falls, MN, United States	United States	46.28330	-96.07780
918	Virginia Beach Public Library System	Public	Virginia Beach, VA, United States	United States	36.85293	-75.97799
919	Virginia Commonwealth University	Academic	Richmond, VA, United States	United States	37.55376	-77.46026
920	Virginia Military Institute	Public	Lexington, VA, United States	United States	37.79600	-79.44250
921	Virginia Tech	Academic	Blacksburg, VA, United States	United States	37.22957	-80.41394
922	Volusia County Public Library	Public	Daytona Beach, FL, United States	United States	29.21081	-81.02283
923	Waco-McLennan County Library	Public	Waco, TX, United States	United States	31.54933	-97.14667
924	Wake County Public Libraries	Public	Raleigh, NC, United States	United States	35.77210	-78.63861
925	Wake Forest University - ZSR Library	Academic	Winston-Salem, NC, United States	United States	36.09986	-80.24422
926	Warrenton Community Library	Public	Warrenton, OR, United States	United States	46.16620	-123.92960
927	Warrenville Public Library District	Public	Warrenville, IL, United States	United States	41.81610	-88.19980
928	Waseda University Library	Academic	Tokyo, Japan	Japan	35.68950	139.69171
929	Washington County Cooperative Library Services	Public	Hillsboro, OR, United States	United States	45.52289	-122.98983
930	Washington State University	Academic	Pullman, WA, United States	United States	46.73127	-117.17962
931	Washington University in St. Louis	Academic	St. Louis, MO, United States	United States	38.62727	-90.19789
932	Wasilla Public Library	Public	Wasilla, AK, United States	United States	61.58140	-149.43940
933	Watsonville Public Library	Public	Watsonville, CA, United States	United States	36.91023	-121.75689
934	Wayne State College	Academic	Wayne, NE, United States	United States	42.22610	-97.01640
935	Weber County Library System	Public	Roy, UT, United States	United States	41.16161	-112.02633
936	Wellesley College	Academic	Wellesley, MA, United States	United States	42.29649	-71.29256
937	Wellington City Libraries	Public	Wellington, New Zealand	New Zealand	-41.28664	174.77557
938	Wenatchee Valley College	Academic	Wenatchee, WA, United States	United States	47.42346	-120.31035
939	Wesleyan University	Academic	Middletown, CT, United States	United States	41.56232	-72.65065
940	West Des Moines Public Library	Public	W Des Moines, IA, United States	United States	41.57720	-93.71130
941	West Hartford Public Library	Public	West Hartford, CT, United States	United States	41.76204	-72.74204
942	Westbank Community Library	Public	Austin, TX, United States	United States	30.26715	-97.74306
943	Westchester Community College	Academic	Valhalla, NY, United States	United States	41.06650	-73.78460
944	Westchester Library System	Consortium/Network	Elmsford, NY, United States	United States	41.04090	-73.76290
945	Western County Regional Library	Public	Huntington, WV, United States	United States	38.41925	-82.44515
946	Western Illinois University	Academic	Macomb, IL, United States	United States	40.45921	-90.67180
947	Western University	Academic	London, ON, Canada	Canada	42.98339	-81.23304
948	Western Washington University	Academic	Bellingham, WA, United States	United States	48.75955	-122.48822
949	Westerville Public Library	Public	Westerville, OH, United States	United States	40.12617	-82.92907
950	Westlake Porter Public Library	Public	Westlake, OH, United States	United States	41.45532	-81.91792
951	Westminster Public Library	Public	Westminster, CO, United States	United States	39.83665	-105.03720
952	Whatcom County Library System	Public	Bellingham, WA, United States	United States	48.75955	-122.48822
953	Wheaton Public Library	Public	Wheaton, IL, United States	United States	41.86614	-88.10701
954	Wilkens Library; Cape Cod Community College	Academic	W Barnstable, MA, United States	United States	41.66680	-70.30290
955	William And Mary	Academic	Williamsburg, VA, United States	United States	37.27070	-76.70746
956	William Rainey Harper College	Academic	Palatine, IL, United States	United States	42.11030	-88.03424
957	Williams College	Academic	Williamstown, MA, United States	United States	42.71280	-73.20320
958	Williamsburg Regional Library	Public	Williamsburg, VA, United States	United States	37.27070	-76.70746
959	Wilmette Public Library District	Public	Wilmette, IL, United States	United States	42.07225	-87.72284
960	Wilton Library Association	Public	Wilton, CT, United States	United States	41.19537	-73.43790
961	Winnetka-Northfield Public Library District	Public	Winnetka, IL, United States	United States	42.10840	-87.73870
962	Winnipeg Public Library	Public	Winnipeg, MB, Canada	Canada	49.88440	-97.14704
963	Woodbridge Public Library	Public	Woodbridge, NJ, United States	United States	40.55760	-74.28459
964	Woodbury University Library	Academic	Burbank, CA, United States	United States	34.18084	-118.30897
965	Woodstock Public Library	Public	Woodstock, IL, United States	United States	42.31474	-88.44870
966	Worcester Public Library	Public	Worcester, MA, United States	United States	42.26259	-71.80229
967	Wright State University Libraries	Academic	Dayton, OH, United States	United States	39.75895	-84.19161
968	Württembergische Landesbibliothek	Regional or National	Stuttgart, Germany	Germany	48.78232	9.17702
969	Yale University Library	Academic	New Haven, CT, United States	United States	41.30815	-72.92816
970	Yolo County Library	Public	Woodland, CA, United States	United States	38.67852	-121.77330
971	York College of CUNY	Academic	Jamaica, NY, United States	United States	40.69149	-73.80569
972	York University Libraries	Academic	Toronto, ON, Canada	Canada	43.70643	-79.39864
973	York University, Law Library	Academic	Toronto, ON, Canada	Canada	43.70643	-79.39864
974	Yuma County Library District	Public	Yuma, AZ, United States	United States	32.72532	-114.62440
975	ZB Bibliotheek van Zeeland	Public	Middelburg, Netherlands	Netherlands	51.50000	3.61389
976	Zentralbibliothek Zürich	Academic	Zürich, Switzerland	Switzerland	47.36667	8.55000
977	Zentralinstitut für Kunstgeschichte, Bibliothek	Special	München, Germany	Germany	48.13743	11.57549
978	Zion Benton Public Library District	Public	Zion, IL, United States	United States	42.44613	-87.83285
